1,NE,SHCIP,APPR,2017-01-02
2,NE,SHCIP,APPR,2017-01-20
3,NE,SHCIP,APPR,2017-01-23
4,NE,SHCIP,APPR,2017-02-09
5,NE,SHCIP,APPR,2017-03-30
6,NE,SHCIP,APPR,2017-04-12
7,NE,SHCIP,APPR,2017-04-14
8,NE,SHCIP,APPR,2017-05-10
9,NE,SHCIP,APPR,2017-06-01
10,NE,SHCIP,APPR,2017-06-01
11,NE,SHCIP,APPR,2017-06-01
12,NE,SHCIP,APPR,2017-06-05
13,NE,SHCIP,APPR,2017-06-07
14,NE,SHCIP,APPR,2017-06-07
15,NE,SHCIP,APPR,2017-06-12
16,NE,SHCIP,APPR,2017-07-03
17,NE,SHCIP,APPR,2017-07-14
18,NE,SHCIP,APPR,2017-07-24
19,NE,SHCIP,APPR,2017-08-10
20,NE,SHCIP,APPR,2017-08-10
21,NE,SHCIP,APPR,2017-08-14
22,NE,SHCIP,APPR,2017-08-14
23,NE,SHCIP,APPR,2017-08-14
24,NE,SHCIP,APPR,2017-08-21
25,NE,SHCIP,APPR,2017-08-22
26,NE,SHCIP,APPR,2017-10-13
27,NE,SHCIP,APPR,2017-11-07
28,NE,SHCIP,APPR,2017-11-07
29,NE,SHCIP,APPR,2017-11-07
30,NE,SHCIP,APPR,2017-11-16
31,NE,SHCIP,APPR,2017-12-22
32,NE,SHCIP,APPR,2017-12-22
33,NE,SHCIP,APPR,2017-12-22
34,NE,SHCIP,APPR,2017-12-25
35,NE,SHCIP,APPR,2018-01-01
36,NE,SHENG,APPR,2017-01-30
37,NE,SHENG,APPR,2017-02-20
38,NE,SHENG,APPR,2017-02-21
39,NE,SHENG,APPR,2017-02-22
40,NE,SHENG,APPR,2017-03-21
41,NE,SHENG,APPR,2017-03-27
42,NE,SHENG,APPR,2017-03-28
43,NE,SHENG,APPR,2017-04-03
44,NE,SHENG,APPR,2017-04-06
45,NE,SHENG,APPR,2017-04-07
46,NE,SHENG,APPR,2017-04-10
47,NE,SHENG,APPR,2017-04-11
48,NE,SHENG,APPR,2017-04-26
49,NE,SHENG,APPR,2017-05-02
50,NE,SHENG,APPR,2017-05-04
51,NE,SHENG,APPR,2017-05-05
52,NE,SHENG,APPR,2017-05-29
53,NE,SHENG,APPR,2017-06-19
54,NE,SHENG,APPR,2017-06-23
55,NE,SHENG,APPR,2017-07-10
56,NE,SHENG,APPR,2017-07-11
57,NE,SHENG,APPR,2017-07-12
58,NE,SHENG,APPR,2017-08-01
59,NE,SHENG,APPR,2017-08-08
60,NE,SHENG,APPR,2017-08-10
61,NE,SHENG,APPR,2017-08-25
62,NE,SHENG,APPR,2017-08-29
63,NE,SHENG,APPR,2017-09-04
64,NE,SHENG,APPR,2017-09-05
65,NE,SHENG,APPR,2017-09-06
66,NE,SHENG,APPR,2017-09-27
67,NE,SHENG,APPR,2017-11-06
68,NE,SHENG,APPR,2017-12-18
69,NE,SHENG,APPR,2017-12-21
70,NE,SHENG,APPR,2017-12-22
71,NE,SHENG,APPR,2017-12-28
72,NE,SHENG,APPR,2018-01-02
73,NE,SHINV,APPR,2017-01-02
74,NE,SHINV,APPR,2017-01-02
75,NE,SHINV,APPR,2017-01-02
76,NE,SHINV,APPR,2017-01-04
77,NE,SHINV,APPR,2017-01-04
78,NE,SHINV,APPR,2017-01-04
79,NE,SHINV,APPR,2017-01-05
80,NE,SHINV,APPR,2017-01-05
81,NE,SHINV,APPR,2017-01-05
82,NE,SHINV,APPR,2017-01-05
83,NE,SHINV,APPR,2017-01-05
84,NE,SHINV,APPR,2017-01-05
85,NE,SHINV,APPR,2017-01-06
86,NE,SHINV,APPR,2017-01-06
87,NE,SHINV,APPR,2017-01-09
88,NE,SHINV,APPR,2017-01-09
89,NE,SHINV,APPR,2017-01-09
90,NE,SHINV,APPR,2017-01-10
91,NE,SHINV,APPR,2017-01-10
92,NE,SHINV,APPR,2017-01-11
93,NE,SHINV,APPR,2017-01-11
94,NE,SHINV,APPR,2017-01-11
95,NE,SHINV,APPR,2017-01-11
96,NE,SHINV,APPR,2017-01-12
97,NE,SHINV,APPR,2017-01-12
98,NE,SHINV,APPR,2017-01-12
99,NE,SHINV,APPR,2017-01-16
100,NE,SHINV,APPR,2017-01-16
101,NE,SHINV,APPR,2017-01-17
102,NE,SHINV,APPR,2017-01-17
103,NE,SHINV,APPR,2017-01-18
104,NE,SHINV,APPR,2017-01-19
105,NE,SHINV,APPR,2017-01-19
106,NE,SHINV,APPR,2017-01-19
107,NE,SHINV,APPR,2017-01-19
108,NE,SHINV,APPR,2017-01-19
109,NE,SHINV,APPR,2017-01-19
110,NE,SHINV,APPR,2017-01-19
111,NE,SHINV,APPR,2017-01-23
112,NE,SHINV,APPR,2017-01-25
113,NE,SHINV,APPR,2017-01-26
114,NE,SHINV,APPR,2017-01-26
115,NE,SHINV,APPR,2017-01-26
116,NE,SHINV,APPR,2017-01-26
117,NE,SHINV,APPR,2017-01-30
118,NE,SHINV,APPR,2017-01-31
119,NE,SHINV,APPR,2017-01-31
120,NE,SHINV,APPR,2017-01-31
121,NE,SHINV,APPR,2017-01-31
122,NE,SHINV,APPR,2017-01-31
123,NE,SHINV,APPR,2017-01-31
124,NE,SHINV,APPR,2017-02-03
125,NE,SHINV,APPR,2017-02-03
126,NE,SHINV,APPR,2017-02-06
127,NE,SHINV,APPR,2017-02-06
128,NE,SHINV,APPR,2017-02-07
129,NE,SHINV,APPR,2017-02-07
130,NE,SHINV,APPR,2017-02-07
131,NE,SHINV,APPR,2017-02-07
132,NE,SHINV,APPR,2017-02-07
133,NE,SHINV,APPR,2017-02-07
134,NE,SHINV,APPR,2017-02-07
135,NE,SHINV,APPR,2017-02-07
136,NE,SHINV,APPR,2017-02-07
137,NE,SHINV,APPR,2017-02-07
138,NE,SHINV,APPR,2017-02-08
139,NE,SHINV,APPR,2017-02-08
140,NE,SHINV,APPR,2017-02-08
141,NE,SHINV,APPR,2017-02-08
142,NE,SHINV,APPR,2017-02-08
143,NE,SHINV,APPR,2017-02-08
144,NE,SHINV,APPR,2017-02-08
145,NE,SHINV,APPR,2017-02-08
146,NE,SHINV,APPR,2017-02-08
147,NE,SHINV,APPR,2017-02-09
148,NE,SHINV,APPR,2017-02-10
149,NE,SHINV,APPR,2017-02-10
150,NE,SHINV,APPR,2017-02-10
151,NE,SHINV,APPR,2017-02-10
152,NE,SHINV,APPR,2017-02-13
153,NE,SHINV,APPR,2017-02-13
154,NE,SHINV,APPR,2017-02-13
155,NE,SHINV,APPR,2017-02-13
156,NE,SHINV,APPR,2017-02-13
157,NE,SHINV,APPR,2017-02-13
158,NE,SHINV,APPR,2017-02-14
159,NE,SHINV,APPR,2017-02-14
160,NE,SHINV,APPR,2017-02-14
161,NE,SHINV,APPR,2017-02-15
162,NE,SHINV,APPR,2017-02-15
163,NE,SHINV,APPR,2017-02-16
164,NE,SHINV,APPR,2017-02-16
165,NE,SHINV,APPR,2017-02-20
166,NE,SHINV,APPR,2017-02-21
167,NE,SHINV,APPR,2017-02-21
168,NE,SHINV,APPR,2017-02-21
169,NE,SHINV,APPR,2017-02-21
170,NE,SHINV,APPR,2017-02-22
171,NE,SHINV,APPR,2017-02-22
172,NE,SHINV,APPR,2017-02-22
173,NE,SHINV,APPR,2017-02-23
174,NE,SHINV,APPR,2017-02-27
175,NE,SHINV,APPR,2017-02-27
176,NE,SHINV,APPR,2017-02-27
177,NE,SHINV,APPR,2017-02-27
178,NE,SHINV,APPR,2017-02-27
179,NE,SHINV,APPR,2017-02-27
180,NE,SHINV,APPR,2017-02-27
181,NE,SHINV,APPR,2017-02-28
182,NE,SHINV,APPR,2017-02-28
183,NE,SHINV,APPR,2017-02-28
184,NE,SHINV,APPR,2017-02-28
185,NE,SHINV,APPR,2017-03-02
186,NE,SHINV,APPR,2017-03-06
187,NE,SHINV,APPR,2017-03-06
188,NE,SHINV,APPR,2017-03-06
189,NE,SHINV,APPR,2017-03-07
190,NE,SHINV,APPR,2017-03-07
191,NE,SHINV,APPR,2017-03-07
192,NE,SHINV,APPR,2017-03-07
193,NE,SHINV,APPR,2017-03-07
194,NE,SHINV,APPR,2017-03-09
195,NE,SHINV,APPR,2017-03-10
196,NE,SHINV,APPR,2017-03-10
197,NE,SHINV,APPR,2017-03-13
198,NE,SHINV,APPR,2017-03-13
199,NE,SHINV,APPR,2017-03-13
200,NE,SHINV,APPR,2017-03-13
201,NE,SHINV,APPR,2017-03-13
202,NE,SHINV,APPR,2017-03-14
203,NE,SHINV,APPR,2017-03-14
204,NE,SHINV,APPR,2017-03-16
205,NE,SHINV,APPR,2017-03-16
206,NE,SHINV,APPR,2017-03-20
207,NE,SHINV,APPR,2017-03-21
208,NE,SHINV,APPR,2017-03-22
209,NE,SHINV,APPR,2017-03-24
210,NE,SHINV,APPR,2017-03-24
211,NE,SHINV,APPR,2017-03-24
212,NE,SHINV,APPR,2017-03-24
213,NE,SHINV,APPR,2017-03-24
214,NE,SHINV,APPR,2017-03-24
215,NE,SHINV,APPR,2017-03-24
216,NE,SHINV,APPR,2017-03-24
217,NE,SHINV,APPR,2017-03-24
218,NE,SHINV,APPR,2017-03-27
219,NE,SHINV,APPR,2017-03-28
220,NE,SHINV,APPR,2017-03-29
221,NE,SHINV,APPR,2017-03-29
222,NE,SHINV,APPR,2017-03-29
223,NE,SHINV,APPR,2017-03-31
224,NE,SHINV,APPR,2017-04-03
225,NE,SHINV,APPR,2017-04-03
226,NE,SHINV,APPR,2017-04-03
227,NE,SHINV,APPR,2017-04-05
228,NE,SHINV,APPR,2017-04-07
229,NE,SHINV,APPR,2017-04-07
230,NE,SHINV,APPR,2017-04-10
231,NE,SHINV,APPR,2017-04-10
232,NE,SHINV,APPR,2017-04-10
233,NE,SHINV,APPR,2017-04-12
234,NE,SHINV,APPR,2017-04-12
235,NE,SHINV,APPR,2017-04-12
236,NE,SHINV,APPR,2017-04-12
237,NE,SHINV,APPR,2017-04-12
238,NE,SHINV,APPR,2017-04-12
239,NE,SHINV,APPR,2017-04-12
240,NE,SHINV,APPR,2017-04-12
241,NE,SHINV,APPR,2017-04-12
242,NE,SHINV,APPR,2017-04-13
243,NE,SHINV,APPR,2017-04-14
244,NE,SHINV,APPR,2017-04-14
245,NE,SHINV,APPR,2017-04-14
246,NE,SHINV,APPR,2017-04-17
247,NE,SHINV,APPR,2017-04-17
248,NE,SHINV,APPR,2017-04-18
249,NE,SHINV,APPR,2017-04-19
250,NE,SHINV,APPR,2017-04-19
251,NE,SHINV,APPR,2017-04-19
252,NE,SHINV,APPR,2017-04-19
253,NE,SHINV,APPR,2017-04-20
254,NE,SHINV,APPR,2017-04-21
255,NE,SHINV,APPR,2017-04-21
256,NE,SHINV,APPR,2017-04-21
257,NE,SHINV,APPR,2017-04-21
258,NE,SHINV,APPR,2017-04-21
259,NE,SHINV,APPR,2017-04-21
260,NE,SHINV,APPR,2017-04-24
261,NE,SHINV,APPR,2017-04-26
262,NE,SHINV,APPR,2017-04-26
263,NE,SHINV,APPR,2017-04-26
264,NE,SHINV,APPR,2017-04-26
265,NE,SHINV,APPR,2017-04-27
266,NE,SHINV,APPR,2017-04-27
267,NE,SHINV,APPR,2017-05-01
268,NE,SHINV,APPR,2017-05-02
269,NE,SHINV,APPR,2017-05-02
270,NE,SHINV,APPR,2017-05-02
271,NE,SHINV,APPR,2017-05-05
272,NE,SHINV,APPR,2017-05-08
273,NE,SHINV,APPR,2017-05-09
274,NE,SHINV,APPR,2017-05-09
275,NE,SHINV,APPR,2017-05-09
276,NE,SHINV,APPR,2017-05-09
277,NE,SHINV,APPR,2017-05-09
278,NE,SHINV,APPR,2017-05-09
279,NE,SHINV,APPR,2017-05-09
280,NE,SHINV,APPR,2017-05-09
281,NE,SHINV,APPR,2017-05-10
282,NE,SHINV,APPR,2017-05-11
283,NE,SHINV,APPR,2017-05-11
284,NE,SHINV,APPR,2017-05-15
285,NE,SHINV,APPR,2017-05-15
286,NE,SHINV,APPR,2017-05-15
287,NE,SHINV,APPR,2017-05-15
288,NE,SHINV,APPR,2017-05-15
289,NE,SHINV,APPR,2017-05-15
290,NE,SHINV,APPR,2017-05-16
291,NE,SHINV,APPR,2017-05-18
292,NE,SHINV,APPR,2017-05-18
293,NE,SHINV,APPR,2017-05-18
294,NE,SHINV,APPR,2017-05-18
295,NE,SHINV,APPR,2017-05-19
296,NE,SHINV,APPR,2017-05-19
297,NE,SHINV,APPR,2017-05-22
298,NE,SHINV,APPR,2017-05-24
299,NE,SHINV,APPR,2017-05-25
300,NE,SHINV,APPR,2017-05-25
301,NE,SHINV,APPR,2017-05-25
302,NE,SHINV,APPR,2017-05-25
303,NE,SHINV,APPR,2017-05-29
304,NE,SHINV,APPR,2017-05-31
305,NE,SHINV,APPR,2017-05-31
306,NE,SHINV,APPR,2017-06-01
307,NE,SHINV,APPR,2017-06-01
308,NE,SHINV,APPR,2017-06-02
309,NE,SHINV,APPR,2017-06-02
310,NE,SHINV,APPR,2017-06-02
311,NE,SHINV,APPR,2017-06-02
312,NE,SHINV,APPR,2017-06-02
313,NE,SHINV,APPR,2017-06-05
314,NE,SHINV,APPR,2017-06-06
315,NE,SHINV,APPR,2017-06-06
316,NE,SHINV,APPR,2017-06-09
317,NE,SHINV,APPR,2017-06-13
318,NE,SHINV,APPR,2017-06-13
319,NE,SHINV,APPR,2017-06-13
320,NE,SHINV,APPR,2017-06-13
321,NE,SHINV,APPR,2017-06-13
322,NE,SHINV,APPR,2017-06-13
323,NE,SHINV,APPR,2017-06-13
324,NE,SHINV,APPR,2017-06-13
325,NE,SHINV,APPR,2017-06-13
326,NE,SHINV,APPR,2017-06-13
327,NE,SHINV,APPR,2017-06-13
328,NE,SHINV,APPR,2017-06-14
329,NE,SHINV,APPR,2017-06-15
330,NE,SHINV,APPR,2017-06-15
331,NE,SHINV,APPR,2017-06-15
332,NE,SHINV,APPR,2017-06-15
333,NE,SHINV,APPR,2017-06-16
334,NE,SHINV,APPR,2017-06-19
335,NE,SHINV,APPR,2017-06-20
336,NE,SHINV,APPR,2017-06-20
337,NE,SHINV,APPR,2017-06-20
338,NE,SHINV,APPR,2017-06-20
339,NE,SHINV,APPR,2017-06-21
340,NE,SHINV,APPR,2017-06-23
341,NE,SHINV,APPR,2017-06-26
342,NE,SHINV,APPR,2017-06-26
343,NE,SHINV,APPR,2017-06-26
344,NE,SHINV,APPR,2017-06-26
345,NE,SHINV,APPR,2017-06-26
346,NE,SHINV,APPR,2017-06-26
347,NE,SHINV,APPR,2017-06-26
348,NE,SHINV,APPR,2017-06-26
349,NE,SHINV,APPR,2017-06-27
350,NE,SHINV,APPR,2017-06-27
351,NE,SHINV,APPR,2017-06-28
352,NE,SHINV,APPR,2017-06-29
353,NE,SHINV,APPR,2017-06-30
354,NE,SHINV,APPR,2017-06-30
355,NE,SHINV,APPR,2017-07-03
356,NE,SHINV,APPR,2017-07-03
357,NE,SHINV,APPR,2017-07-03
358,NE,SHINV,APPR,2017-07-03
359,NE,SHINV,APPR,2017-07-05
360,NE,SHINV,APPR,2017-07-07
361,NE,SHINV,APPR,2017-07-10
362,NE,SHINV,APPR,2017-07-10
363,NE,SHINV,APPR,2017-07-10
364,NE,SHINV,APPR,2017-07-11
365,NE,SHINV,APPR,2017-07-11
366,NE,SHINV,APPR,2017-07-11
367,NE,SHINV,APPR,2017-07-11
368,NE,SHINV,APPR,2017-07-12
369,NE,SHINV,APPR,2017-07-12
370,NE,SHINV,APPR,2017-07-12
371,NE,SHINV,APPR,2017-07-12
372,NE,SHINV,APPR,2017-07-13
373,NE,SHINV,APPR,2017-07-14
374,NE,SHINV,APPR,2017-07-14
375,NE,SHINV,APPR,2017-07-14
376,NE,SHINV,APPR,2017-07-17
377,NE,SHINV,APPR,2017-07-17
378,NE,SHINV,APPR,2017-07-17
379,NE,SHINV,APPR,2017-07-17
380,NE,SHINV,APPR,2017-07-17
381,NE,SHINV,APPR,2017-07-18
382,NE,SHINV,APPR,2017-07-18
383,NE,SHINV,APPR,2017-07-18
384,NE,SHINV,APPR,2017-07-19
385,NE,SHINV,APPR,2017-07-19
386,NE,SHINV,APPR,2017-07-21
387,NE,SHINV,APPR,2017-07-21
388,NE,SHINV,APPR,2017-07-21
389,NE,SHINV,APPR,2017-07-21
390,NE,SHINV,APPR,2017-07-21
391,NE,SHINV,APPR,2017-07-24
392,NE,SHINV,APPR,2017-07-27
393,NE,SHINV,APPR,2017-07-27
394,NE,SHINV,APPR,2017-07-27
395,NE,SHINV,APPR,2017-07-27
396,NE,SHINV,APPR,2017-07-28
397,NE,SHINV,APPR,2017-07-28
398,NE,SHINV,APPR,2017-07-28
399,NE,SHINV,APPR,2017-07-31
400,NE,SHINV,APPR,2017-07-31
401,NE,SHINV,APPR,2017-08-02
402,NE,SHINV,APPR,2017-08-02
403,NE,SHINV,APPR,2017-08-03
404,NE,SHINV,APPR,2017-08-03
405,NE,SHINV,APPR,2017-08-04
406,NE,SHINV,APPR,2017-08-04
407,NE,SHINV,APPR,2017-08-07
408,NE,SHINV,APPR,2017-08-07
409,NE,SHINV,APPR,2017-08-07
410,NE,SHINV,APPR,2017-08-07
411,NE,SHINV,APPR,2017-08-08
412,NE,SHINV,APPR,2017-08-08
413,NE,SHINV,APPR,2017-08-08
414,NE,SHINV,APPR,2017-08-09
415,NE,SHINV,APPR,2017-08-09
416,NE,SHINV,APPR,2017-08-09
417,NE,SHINV,APPR,2017-08-10
418,NE,SHINV,APPR,2017-08-10
419,NE,SHINV,APPR,2017-08-10
420,NE,SHINV,APPR,2017-08-10
421,NE,SHINV,APPR,2017-08-10
422,NE,SHINV,APPR,2017-08-10
423,NE,SHINV,APPR,2017-08-10
424,NE,SHINV,APPR,2017-08-11
425,NE,SHINV,APPR,2017-08-11
426,NE,SHINV,APPR,2017-08-14
427,NE,SHINV,APPR,2017-08-14
428,NE,SHINV,APPR,2017-08-15
429,NE,SHINV,APPR,2017-08-17
430,NE,SHINV,APPR,2017-08-17
431,NE,SHINV,APPR,2017-08-17
432,NE,SHINV,APPR,2017-08-18
433,NE,SHINV,APPR,2017-08-18
434,NE,SHINV,APPR,2017-08-18
435,NE,SHINV,APPR,2017-08-18
436,NE,SHINV,APPR,2017-08-18
437,NE,SHINV,APPR,2017-08-18
438,NE,SHINV,APPR,2017-08-21
439,NE,SHINV,APPR,2017-08-23
440,NE,SHINV,APPR,2017-08-23
441,NE,SHINV,APPR,2017-08-23
442,NE,SHINV,APPR,2017-08-23
443,NE,SHINV,APPR,2017-08-23
444,NE,SHINV,APPR,2017-08-24
445,NE,SHINV,APPR,2017-08-24
446,NE,SHINV,APPR,2017-08-24
447,NE,SHINV,APPR,2017-08-24
448,NE,SHINV,APPR,2017-08-25
449,NE,SHINV,APPR,2017-08-25
450,NE,SHINV,APPR,2017-08-25
451,NE,SHINV,APPR,2017-08-25
452,NE,SHINV,APPR,2017-08-25
453,NE,SHINV,APPR,2017-08-25
454,NE,SHINV,APPR,2017-08-28
455,NE,SHINV,APPR,2017-08-29
456,NE,SHINV,APPR,2017-08-31
457,NE,SHINV,APPR,2017-09-04
458,NE,SHINV,APPR,2017-09-06
459,NE,SHINV,APPR,2017-09-06
460,NE,SHINV,APPR,2017-09-06
461,NE,SHINV,APPR,2017-09-06
462,NE,SHINV,APPR,2017-09-07
463,NE,SHINV,APPR,2017-09-07
464,NE,SHINV,APPR,2017-09-07
465,NE,SHINV,APPR,2017-09-07
466,NE,SHINV,APPR,2017-09-08
467,NE,SHINV,APPR,2017-09-08
468,NE,SHINV,APPR,2017-09-08
469,NE,SHINV,APPR,2017-09-08
470,NE,SHINV,APPR,2017-09-08
471,NE,SHINV,APPR,2017-09-08
472,NE,SHINV,APPR,2017-09-08
473,NE,SHINV,APPR,2017-09-11
474,NE,SHINV,APPR,2017-09-11
475,NE,SHINV,APPR,2017-09-12
476,NE,SHINV,APPR,2017-09-12
477,NE,SHINV,APPR,2017-09-12
478,NE,SHINV,APPR,2017-09-12
479,NE,SHINV,APPR,2017-09-12
480,NE,SHINV,APPR,2017-09-12
481,NE,SHINV,APPR,2017-09-12
482,NE,SHINV,APPR,2017-09-12
483,NE,SHINV,APPR,2017-09-12
484,NE,SHINV,APPR,2017-09-12
485,NE,SHINV,APPR,2017-09-14
486,NE,SHINV,APPR,2017-09-14
487,NE,SHINV,APPR,2017-09-15
488,NE,SHINV,APPR,2017-09-18
489,NE,SHINV,APPR,2017-09-21
490,NE,SHINV,APPR,2017-09-21
491,NE,SHINV,APPR,2017-09-21
492,NE,SHINV,APPR,2017-09-21
493,NE,SHINV,APPR,2017-09-21
494,NE,SHINV,APPR,2017-09-21
495,NE,SHINV,APPR,2017-09-21
496,NE,SHINV,APPR,2017-09-22
497,NE,SHINV,APPR,2017-09-25
498,NE,SHINV,APPR,2017-09-25
499,NE,SHINV,APPR,2017-09-25
500,NE,SHINV,APPR,2017-09-25
501,NE,SHINV,APPR,2017-09-26
502,NE,SHINV,APPR,2017-09-26
503,NE,SHINV,APPR,2017-09-28
504,NE,SHINV,APPR,2017-09-28
505,NE,SHINV,APPR,2017-09-29
506,NE,SHINV,APPR,2017-09-29
507,NE,SHINV,APPR,2017-09-29
508,NE,SHINV,APPR,2017-10-02
509,NE,SHINV,APPR,2017-10-02
510,NE,SHINV,APPR,2017-10-02
511,NE,SHINV,APPR,2017-10-05
512,NE,SHINV,APPR,2017-10-05
513,NE,SHINV,APPR,2017-10-05
514,NE,SHINV,APPR,2017-10-06
515,NE,SHINV,APPR,2017-10-09
516,NE,SHINV,APPR,2017-10-09
517,NE,SHINV,APPR,2017-10-09
518,NE,SHINV,APPR,2017-10-09
519,NE,SHINV,APPR,2017-10-09
520,NE,SHINV,APPR,2017-10-09
521,NE,SHINV,APPR,2017-10-10
522,NE,SHINV,APPR,2017-10-11
523,NE,SHINV,APPR,2017-10-12
524,NE,SHINV,APPR,2017-10-12
525,NE,SHINV,APPR,2017-10-16
526,NE,SHINV,APPR,2017-10-17
527,NE,SHINV,APPR,2017-10-17
528,NE,SHINV,APPR,2017-10-18
529,NE,SHINV,APPR,2017-10-18
530,NE,SHINV,APPR,2017-10-18
531,NE,SHINV,APPR,2017-10-18
532,NE,SHINV,APPR,2017-10-19
533,NE,SHINV,APPR,2017-10-20
534,NE,SHINV,APPR,2017-10-20
535,NE,SHINV,APPR,2017-10-23
536,NE,SHINV,APPR,2017-10-23
537,NE,SHINV,APPR,2017-10-24
538,NE,SHINV,APPR,2017-10-24
539,NE,SHINV,APPR,2017-10-24
540,NE,SHINV,APPR,2017-10-27
541,NE,SHINV,APPR,2017-10-30
542,NE,SHINV,APPR,2017-10-30
543,NE,SHINV,APPR,2017-10-30
544,NE,SHINV,APPR,2017-10-30
545,NE,SHINV,APPR,2017-10-30
546,NE,SHINV,APPR,2017-10-31
547,NE,SHINV,APPR,2017-11-02
548,NE,SHINV,APPR,2017-11-02
549,NE,SHINV,APPR,2017-11-02
550,NE,SHINV,APPR,2017-11-02
551,NE,SHINV,APPR,2017-11-02
552,NE,SHINV,APPR,2017-11-06
553,NE,SHINV,APPR,2017-11-06
554,NE,SHINV,APPR,2017-11-07
555,NE,SHINV,APPR,2017-11-10
556,NE,SHINV,APPR,2017-11-13
557,NE,SHINV,APPR,2017-11-13
558,NE,SHINV,APPR,2017-11-14
559,NE,SHINV,APPR,2017-11-15
560,NE,SHINV,APPR,2017-11-16
561,NE,SHINV,APPR,2017-11-16
562,NE,SHINV,APPR,2017-11-17
563,NE,SHINV,APPR,2017-11-20
564,NE,SHINV,APPR,2017-11-20
565,NE,SHINV,APPR,2017-11-21
566,NE,SHINV,APPR,2017-11-21
567,NE,SHINV,APPR,2017-11-21
568,NE,SHINV,APPR,2017-11-21
569,NE,SHINV,APPR,2017-11-21
570,NE,SHINV,APPR,2017-11-21
571,NE,SHINV,APPR,2017-11-21
572,NE,SHINV,APPR,2017-11-21
573,NE,SHINV,APPR,2017-11-21
574,NE,SHINV,APPR,2017-11-21
575,NE,SHINV,APPR,2017-11-21
576,NE,SHINV,APPR,2017-11-21
577,NE,SHINV,APPR,2017-11-22
578,NE,SHINV,APPR,2017-11-23
579,NE,SHINV,APPR,2017-11-23
580,NE,SHINV,APPR,2017-11-24
581,NE,SHINV,APPR,2017-11-27
582,NE,SHINV,APPR,2017-11-28
583,NE,SHINV,APPR,2017-11-29
584,NE,SHINV,APPR,2017-12-01
585,NE,SHINV,APPR,2017-12-01
586,NE,SHINV,APPR,2017-12-01
587,NE,SHINV,APPR,2017-12-01
588,NE,SHINV,APPR,2017-12-01
589,NE,SHINV,APPR,2017-12-01
590,NE,SHINV,APPR,2017-12-04
591,NE,SHINV,APPR,2017-12-04
592,NE,SHINV,APPR,2017-12-04
593,NE,SHINV,APPR,2017-12-04
594,NE,SHINV,APPR,2017-12-04
595,NE,SHINV,APPR,2017-12-05
596,NE,SHINV,APPR,2017-12-07
597,NE,SHINV,APPR,2017-12-07
598,NE,SHINV,APPR,2017-12-08
599,NE,SHINV,APPR,2017-12-08
600,NE,SHINV,APPR,2017-12-12
601,NE,SHINV,APPR,2017-12-12
602,NE,SHINV,APPR,2017-12-12
603,NE,SHINV,APPR,2017-12-12
604,NE,SHINV,APPR,2017-12-12
605,NE,SHINV,APPR,2017-12-12
606,NE,SHINV,APPR,2017-12-12
607,NE,SHINV,APPR,2017-12-14
608,NE,SHINV,APPR,2017-12-14
609,NE,SHINV,APPR,2017-12-14
610,NE,SHINV,APPR,2017-12-14
611,NE,SHINV,APPR,2017-12-14
612,NE,SHINV,APPR,2017-12-14
613,NE,SHINV,APPR,2017-12-14
614,NE,SHINV,APPR,2017-12-14
615,NE,SHINV,APPR,2017-12-14
616,NE,SHINV,APPR,2017-12-15
617,NE,SHINV,APPR,2017-12-15
618,NE,SHINV,APPR,2017-12-15
619,NE,SHINV,APPR,2017-12-18
620,NE,SHINV,APPR,2017-12-18
621,NE,SHINV,APPR,2017-12-18
622,NE,SHINV,APPR,2017-12-18
623,NE,SHINV,APPR,2017-12-18
624,NE,SHINV,APPR,2017-12-18
625,NE,SHINV,APPR,2017-12-19
626,NE,SHINV,APPR,2017-12-19
627,NE,SHINV,APPR,2017-12-20
628,NE,SHINV,APPR,2017-12-22
629,NE,SHINV,APPR,2017-12-22
630,NE,SHINV,APPR,2017-12-25
631,NE,SHINV,APPR,2017-12-26
632,NE,SHINV,APPR,2017-12-26
633,NE,SHINV,APPR,2017-12-26
634,NE,SHINV,APPR,2017-12-26
635,NE,SHINV,APPR,2017-12-26
636,NE,SHINV,APPR,2017-12-26
637,NE,SHINV,APPR,2017-12-26
638,NE,SHINV,APPR,2017-12-26
639,NE,SHINV,APPR,2017-12-26
640,NE,SHINV,APPR,2017-12-27
641,NE,SHINV,APPR,2017-12-27
642,NE,SHINV,APPR,2017-12-27
643,NE,SHINV,APPR,2017-12-27
644,NE,SHINV,APPR,2017-12-28
645,NE,SHINV,APPR,2017-12-29
646,NE,SHINV,APPR,2017-12-29
647,NE,SHINV,APPR,2017-12-29
648,NE,SHINV,APPR,2017-12-29
649,NE,SHINV,APPR,2017-12-29
650,NE,SHINV,APPR,2017-12-29
651,NE,SHINV,APPR,2017-12-29
652,NE,SHINV,APPR,2018-01-01
653,NE,SHDEV,APPR,2017-01-02
654,NE,SHDEV,APPR,2017-01-03
655,NE,SHDEV,APPR,2017-01-03
656,NE,SHDEV,APPR,2017-01-03
657,NE,SHDEV,APPR,2017-01-03
658,NE,SHDEV,APPR,2017-01-03
659,NE,SHDEV,APPR,2017-01-03
660,NE,SHDEV,APPR,2017-01-03
661,NE,SHDEV,APPR,2017-01-04
662,NE,SHDEV,APPR,2017-01-04
663,NE,SHDEV,APPR,2017-01-04
664,NE,SHDEV,APPR,2017-01-06
665,NE,SHDEV,APPR,2017-01-06
666,NE,SHDEV,APPR,2017-01-06
667,NE,SHDEV,APPR,2017-01-06
668,NE,SHDEV,APPR,2017-01-06
669,NE,SHDEV,APPR,2017-01-07
670,NE,SHDEV,APPR,2017-01-09
671,NE,SHDEV,APPR,2017-01-10
672,NE,SHDEV,APPR,2017-01-10
673,NE,SHDEV,APPR,2017-01-10
674,NE,SHDEV,APPR,2017-01-10
675,NE,SHDEV,APPR,2017-01-12
676,NE,SHDEV,APPR,2017-01-12
677,NE,SHDEV,APPR,2017-01-13
678,NE,SHDEV,APPR,2017-01-14
679,NE,SHDEV,APPR,2017-01-16
680,NE,SHDEV,APPR,2017-01-16
681,NE,SHDEV,APPR,2017-01-17
682,NE,SHDEV,APPR,2017-01-18
683,NE,SHDEV,APPR,2017-01-19
684,NE,SHDEV,APPR,2017-01-19
685,NE,SHDEV,APPR,2017-01-19
686,NE,SHDEV,APPR,2017-01-20
687,NE,SHDEV,APPR,2017-01-20
688,NE,SHDEV,APPR,2017-01-21
689,NE,SHDEV,APPR,2017-01-21
690,NE,SHDEV,APPR,2017-01-21
691,NE,SHDEV,APPR,2017-01-23
692,NE,SHDEV,APPR,2017-01-23
693,NE,SHDEV,APPR,2017-01-23
694,NE,SHDEV,APPR,2017-01-24
695,NE,SHDEV,APPR,2017-01-24
696,NE,SHDEV,APPR,2017-01-24
697,NE,SHDEV,APPR,2017-01-24
698,NE,SHDEV,APPR,2017-01-24
699,NE,SHDEV,APPR,2017-01-24
700,NE,SHDEV,APPR,2017-01-24
701,NE,SHDEV,APPR,2017-01-24
702,NE,SHDEV,APPR,2017-01-24
703,NE,SHDEV,APPR,2017-01-24
704,NE,SHDEV,APPR,2017-01-25
705,NE,SHDEV,APPR,2017-01-25
706,NE,SHDEV,APPR,2017-01-25
707,NE,SHDEV,APPR,2017-01-25
708,NE,SHDEV,APPR,2017-01-25
709,NE,SHDEV,APPR,2017-01-25
710,NE,SHDEV,APPR,2017-01-26
711,NE,SHDEV,APPR,2017-01-26
712,NE,SHDEV,APPR,2017-01-27
713,NE,SHDEV,APPR,2017-01-27
714,NE,SHDEV,APPR,2017-01-27
715,NE,SHDEV,APPR,2017-01-27
716,NE,SHDEV,APPR,2017-01-27
717,NE,SHDEV,APPR,2017-01-27
718,NE,SHDEV,APPR,2017-01-27
719,NE,SHDEV,APPR,2017-01-27
720,NE,SHDEV,APPR,2017-01-27
721,NE,SHDEV,APPR,2017-01-28
722,NE,SHDEV,APPR,2017-01-28
723,NE,SHDEV,APPR,2017-01-28
724,NE,SHDEV,APPR,2017-01-30
725,NE,SHDEV,APPR,2017-01-30
726,NE,SHDEV,APPR,2017-01-30
727,NE,SHDEV,APPR,2017-01-30
728,NE,SHDEV,APPR,2017-01-30
729,NE,SHDEV,APPR,2017-01-30
730,NE,SHDEV,APPR,2017-01-30
731,NE,SHDEV,APPR,2017-01-30
732,NE,SHDEV,APPR,2017-01-31
733,NE,SHDEV,APPR,2017-01-31
734,NE,SHDEV,APPR,2017-02-01
735,NE,SHDEV,APPR,2017-02-01
736,NE,SHDEV,APPR,2017-02-02
737,NE,SHDEV,APPR,2017-02-03
738,NE,SHDEV,APPR,2017-02-06
739,NE,SHDEV,APPR,2017-02-06
740,NE,SHDEV,APPR,2017-02-06
741,NE,SHDEV,APPR,2017-02-06
742,NE,SHDEV,APPR,2017-02-06
743,NE,SHDEV,APPR,2017-02-08
744,NE,SHDEV,APPR,2017-02-08
745,NE,SHDEV,APPR,2017-02-08
746,NE,SHDEV,APPR,2017-02-08
747,NE,SHDEV,APPR,2017-02-08
748,NE,SHDEV,APPR,2017-02-08
749,NE,SHDEV,APPR,2017-02-08
750,NE,SHDEV,APPR,2017-02-09
751,NE,SHDEV,APPR,2017-02-10
752,NE,SHDEV,APPR,2017-02-10
753,NE,SHDEV,APPR,2017-02-10
754,NE,SHDEV,APPR,2017-02-10
755,NE,SHDEV,APPR,2017-02-10
756,NE,SHDEV,APPR,2017-02-10
757,NE,SHDEV,APPR,2017-02-10
758,NE,SHDEV,APPR,2017-02-10
759,NE,SHDEV,APPR,2017-02-11
760,NE,SHDEV,APPR,2017-02-13
761,NE,SHDEV,APPR,2017-02-13
762,NE,SHDEV,APPR,2017-02-14
763,NE,SHDEV,APPR,2017-02-14
764,NE,SHDEV,APPR,2017-02-15
765,NE,SHDEV,APPR,2017-02-17
766,NE,SHDEV,APPR,2017-02-17
767,NE,SHDEV,APPR,2017-02-17
768,NE,SHDEV,APPR,2017-02-20
769,NE,SHDEV,APPR,2017-02-20
770,NE,SHDEV,APPR,2017-02-20
771,NE,SHDEV,APPR,2017-02-20
772,NE,SHDEV,APPR,2017-02-20
773,NE,SHDEV,APPR,2017-02-21
774,NE,SHDEV,APPR,2017-02-22
775,NE,SHDEV,APPR,2017-02-23
776,NE,SHDEV,APPR,2017-02-23
777,NE,SHDEV,APPR,2017-02-23
778,NE,SHDEV,APPR,2017-02-23
779,NE,SHDEV,APPR,2017-02-23
780,NE,SHDEV,APPR,2017-02-24
781,NE,SHDEV,APPR,2017-02-24
782,NE,SHDEV,APPR,2017-02-25
783,NE,SHDEV,APPR,2017-02-25
784,NE,SHDEV,APPR,2017-02-25
785,NE,SHDEV,APPR,2017-02-27
786,NE,SHDEV,APPR,2017-02-28
787,NE,SHDEV,APPR,2017-03-01
788,NE,SHDEV,APPR,2017-03-01
789,NE,SHDEV,APPR,2017-03-02
790,NE,SHDEV,APPR,2017-03-02
791,NE,SHDEV,APPR,2017-03-02
792,NE,SHDEV,APPR,2017-03-03
793,NE,SHDEV,APPR,2017-03-03
794,NE,SHDEV,APPR,2017-03-03
795,NE,SHDEV,APPR,2017-03-03
796,NE,SHDEV,APPR,2017-03-03
797,NE,SHDEV,APPR,2017-03-04
798,NE,SHDEV,APPR,2017-03-04
799,NE,SHDEV,APPR,2017-03-06
800,NE,SHDEV,APPR,2017-03-06
801,NE,SHDEV,APPR,2017-03-06
802,NE,SHDEV,APPR,2017-03-07
803,NE,SHDEV,APPR,2017-03-08
804,NE,SHDEV,APPR,2017-03-08
805,NE,SHDEV,APPR,2017-03-08
806,NE,SHDEV,APPR,2017-03-08
807,NE,SHDEV,APPR,2017-03-09
808,NE,SHDEV,APPR,2017-03-09
809,NE,SHDEV,APPR,2017-03-09
810,NE,SHDEV,APPR,2017-03-09
811,NE,SHDEV,APPR,2017-03-09
812,NE,SHDEV,APPR,2017-03-09
813,NE,SHDEV,APPR,2017-03-10
814,NE,SHDEV,APPR,2017-03-10
815,NE,SHDEV,APPR,2017-03-10
816,NE,SHDEV,APPR,2017-03-10
817,NE,SHDEV,APPR,2017-03-10
818,NE,SHDEV,APPR,2017-03-10
819,NE,SHDEV,APPR,2017-03-11
820,NE,SHDEV,APPR,2017-03-13
821,NE,SHDEV,APPR,2017-03-13
822,NE,SHDEV,APPR,2017-03-14
823,NE,SHDEV,APPR,2017-03-14
824,NE,SHDEV,APPR,2017-03-15
825,NE,SHDEV,APPR,2017-03-16
826,NE,SHDEV,APPR,2017-03-17
827,NE,SHDEV,APPR,2017-03-17
828,NE,SHDEV,APPR,2017-03-18
829,NE,SHDEV,APPR,2017-03-18
830,NE,SHDEV,APPR,2017-03-18
831,NE,SHDEV,APPR,2017-03-18
832,NE,SHDEV,APPR,2017-03-18
833,NE,SHDEV,APPR,2017-03-18
834,NE,SHDEV,APPR,2017-03-18
835,NE,SHDEV,APPR,2017-03-20
836,NE,SHDEV,APPR,2017-03-22
837,NE,SHDEV,APPR,2017-03-22
838,NE,SHDEV,APPR,2017-03-23
839,NE,SHDEV,APPR,2017-03-23
840,NE,SHDEV,APPR,2017-03-23
841,NE,SHDEV,APPR,2017-03-24
842,NE,SHDEV,APPR,2017-03-24
843,NE,SHDEV,APPR,2017-03-24
844,NE,SHDEV,APPR,2017-03-24
845,NE,SHDEV,APPR,2017-03-24
846,NE,SHDEV,APPR,2017-03-24
847,NE,SHDEV,APPR,2017-03-24
848,NE,SHDEV,APPR,2017-03-24
849,NE,SHDEV,APPR,2017-03-25
850,NE,SHDEV,APPR,2017-03-25
851,NE,SHDEV,APPR,2017-03-25
852,NE,SHDEV,APPR,2017-03-25
853,NE,SHDEV,APPR,2017-03-27
854,NE,SHDEV,APPR,2017-03-28
855,NE,SHDEV,APPR,2017-03-28
856,NE,SHDEV,APPR,2017-03-28
857,NE,SHDEV,APPR,2017-03-28
858,NE,SHDEV,APPR,2017-03-28
859,NE,SHDEV,APPR,2017-03-29
860,NE,SHDEV,APPR,2017-03-29
861,NE,SHDEV,APPR,2017-03-29
862,NE,SHDEV,APPR,2017-03-29
863,NE,SHDEV,APPR,2017-03-29
864,NE,SHDEV,APPR,2017-03-29
865,NE,SHDEV,APPR,2017-03-30
866,NE,SHDEV,APPR,2017-03-30
867,NE,SHDEV,APPR,2017-03-31
868,NE,SHDEV,APPR,2017-03-31
869,NE,SHDEV,APPR,2017-03-31
870,NE,SHDEV,APPR,2017-03-31
871,NE,SHDEV,APPR,2017-04-01
872,NE,SHDEV,APPR,2017-04-01
873,NE,SHDEV,APPR,2017-04-01
874,NE,SHDEV,APPR,2017-04-03
875,NE,SHDEV,APPR,2017-04-03
876,NE,SHDEV,APPR,2017-04-03
877,NE,SHDEV,APPR,2017-04-03
878,NE,SHDEV,APPR,2017-04-03
879,NE,SHDEV,APPR,2017-04-04
880,NE,SHDEV,APPR,2017-04-05
881,NE,SHDEV,APPR,2017-04-05
882,NE,SHDEV,APPR,2017-04-05
883,NE,SHDEV,APPR,2017-04-06
884,NE,SHDEV,APPR,2017-04-06
885,NE,SHDEV,APPR,2017-04-06
886,NE,SHDEV,APPR,2017-04-06
887,NE,SHDEV,APPR,2017-04-06
888,NE,SHDEV,APPR,2017-04-07
889,NE,SHDEV,APPR,2017-04-07
890,NE,SHDEV,APPR,2017-04-07
891,NE,SHDEV,APPR,2017-04-08
892,NE,SHDEV,APPR,2017-04-08
893,NE,SHDEV,APPR,2017-04-10
894,NE,SHDEV,APPR,2017-04-10
895,NE,SHDEV,APPR,2017-04-10
896,NE,SHDEV,APPR,2017-04-12
897,NE,SHDEV,APPR,2017-04-12
898,NE,SHDEV,APPR,2017-04-12
899,NE,SHDEV,APPR,2017-04-13
900,NE,SHDEV,APPR,2017-04-13
901,NE,SHDEV,APPR,2017-04-13
902,NE,SHDEV,APPR,2017-04-14
903,NE,SHDEV,APPR,2017-04-15
904,NE,SHDEV,APPR,2017-04-17
905,NE,SHDEV,APPR,2017-04-18
906,NE,SHDEV,APPR,2017-04-18
907,NE,SHDEV,APPR,2017-04-18
908,NE,SHDEV,APPR,2017-04-19
909,NE,SHDEV,APPR,2017-04-19
910,NE,SHDEV,APPR,2017-04-19
911,NE,SHDEV,APPR,2017-04-19
912,NE,SHDEV,APPR,2017-04-19
913,NE,SHDEV,APPR,2017-04-19
914,NE,SHDEV,APPR,2017-04-20
915,NE,SHDEV,APPR,2017-04-20
916,NE,SHDEV,APPR,2017-04-24
917,NE,SHDEV,APPR,2017-04-24
918,NE,SHDEV,APPR,2017-04-25
919,NE,SHDEV,APPR,2017-04-26
920,NE,SHDEV,APPR,2017-04-27
921,NE,SHDEV,APPR,2017-04-27
922,NE,SHDEV,APPR,2017-04-27
923,NE,SHDEV,APPR,2017-04-28
924,NE,SHDEV,APPR,2017-04-29
925,NE,SHDEV,APPR,2017-05-01
926,NE,SHDEV,APPR,2017-05-02
927,NE,SHDEV,APPR,2017-05-02
928,NE,SHDEV,APPR,2017-05-03
929,NE,SHDEV,APPR,2017-05-04
930,NE,SHDEV,APPR,2017-05-05
931,NE,SHDEV,APPR,2017-05-05
932,NE,SHDEV,APPR,2017-05-06
933,NE,SHDEV,APPR,2017-05-06
934,NE,SHDEV,APPR,2017-05-06
935,NE,SHDEV,APPR,2017-05-06
936,NE,SHDEV,APPR,2017-05-06
937,NE,SHDEV,APPR,2017-05-06
938,NE,SHDEV,APPR,2017-05-06
939,NE,SHDEV,APPR,2017-05-08
940,NE,SHDEV,APPR,2017-05-08
941,NE,SHDEV,APPR,2017-05-08
942,NE,SHDEV,APPR,2017-05-09
943,NE,SHDEV,APPR,2017-05-09
944,NE,SHDEV,APPR,2017-05-10
945,NE,SHDEV,APPR,2017-05-10
946,NE,SHDEV,APPR,2017-05-10
947,NE,SHDEV,APPR,2017-05-11
948,NE,SHDEV,APPR,2017-05-11
949,NE,SHDEV,APPR,2017-05-11
950,NE,SHDEV,APPR,2017-05-11
951,NE,SHDEV,APPR,2017-05-11
952,NE,SHDEV,APPR,2017-05-11
953,NE,SHDEV,APPR,2017-05-12
954,NE,SHDEV,APPR,2017-05-12
955,NE,SHDEV,APPR,2017-05-13
956,NE,SHDEV,APPR,2017-05-15
957,NE,SHDEV,APPR,2017-05-16
958,NE,SHDEV,APPR,2017-05-16
959,NE,SHDEV,APPR,2017-05-17
960,NE,SHDEV,APPR,2017-05-19
961,NE,SHDEV,APPR,2017-05-19
962,NE,SHDEV,APPR,2017-05-20
963,NE,SHDEV,APPR,2017-05-20
964,NE,SHDEV,APPR,2017-05-20
965,NE,SHDEV,APPR,2017-05-20
966,NE,SHDEV,APPR,2017-05-20
967,NE,SHDEV,APPR,2017-05-20
968,NE,SHDEV,APPR,2017-05-20
969,NE,SHDEV,APPR,2017-05-22
970,NE,SHDEV,APPR,2017-05-22
971,NE,SHDEV,APPR,2017-05-22
972,NE,SHDEV,APPR,2017-05-22
973,NE,SHDEV,APPR,2017-05-22
974,NE,SHDEV,APPR,2017-05-22
975,NE,SHDEV,APPR,2017-05-23
976,NE,SHDEV,APPR,2017-05-25
977,NE,SHDEV,APPR,2017-05-26
978,NE,SHDEV,APPR,2017-05-29
979,NE,SHDEV,APPR,2017-05-29
980,NE,SHDEV,APPR,2017-05-29
981,NE,SHDEV,APPR,2017-05-29
982,NE,SHDEV,APPR,2017-05-29
983,NE,SHDEV,APPR,2017-05-30
984,NE,SHDEV,APPR,2017-05-30
985,NE,SHDEV,APPR,2017-05-30
986,NE,SHDEV,APPR,2017-05-31
987,NE,SHDEV,APPR,2017-05-31
988,NE,SHDEV,APPR,2017-05-31
989,NE,SHDEV,APPR,2017-06-01
990,NE,SHDEV,APPR,2017-06-01
991,NE,SHDEV,APPR,2017-06-02
992,NE,SHDEV,APPR,2017-06-02
993,NE,SHDEV,APPR,2017-06-05
994,NE,SHDEV,APPR,2017-06-05
995,NE,SHDEV,APPR,2017-06-05
996,NE,SHDEV,APPR,2017-06-05
997,NE,SHDEV,APPR,2017-06-05
998,NE,SHDEV,APPR,2017-06-07
999,NE,SHDEV,APPR,2017-06-07
1000,NE,SHDEV,APPR,2017-06-07
1001,NE,SHDEV,APPR,2017-06-07
1002,NE,SHDEV,APPR,2017-06-08
1003,NE,SHDEV,APPR,2017-06-08
1004,NE,SHDEV,APPR,2017-06-08
1005,NE,SHDEV,APPR,2017-06-08
1006,NE,SHDEV,APPR,2017-06-09
1007,NE,SHDEV,APPR,2017-06-10
1008,NE,SHDEV,APPR,2017-06-10
1009,NE,SHDEV,APPR,2017-06-10
1010,NE,SHDEV,APPR,2017-06-10
1011,NE,SHDEV,APPR,2017-06-10
1012,NE,SHDEV,APPR,2017-06-10
1013,NE,SHDEV,APPR,2017-06-10
1014,NE,SHDEV,APPR,2017-06-12
1015,NE,SHDEV,APPR,2017-06-14
1016,NE,SHDEV,APPR,2017-06-14
1017,NE,SHDEV,APPR,2017-06-15
1018,NE,SHDEV,APPR,2017-06-15
1019,NE,SHDEV,APPR,2017-06-15
1020,NE,SHDEV,APPR,2017-06-15
1021,NE,SHDEV,APPR,2017-06-15
1022,NE,SHDEV,APPR,2017-06-15
1023,NE,SHDEV,APPR,2017-06-15
1024,NE,SHDEV,APPR,2017-06-15
1025,NE,SHDEV,APPR,2017-06-15
1026,NE,SHDEV,APPR,2017-06-16
1027,NE,SHDEV,APPR,2017-06-16
1028,NE,SHDEV,APPR,2017-06-16
1029,NE,SHDEV,APPR,2017-06-16
1030,NE,SHDEV,APPR,2017-06-17
1031,NE,SHDEV,APPR,2017-06-17
1032,NE,SHDEV,APPR,2017-06-17
1033,NE,SHDEV,APPR,2017-06-17
1034,NE,SHDEV,APPR,2017-06-17
1035,NE,SHDEV,APPR,2017-06-17
1036,NE,SHDEV,APPR,2017-06-17
1037,NE,SHDEV,APPR,2017-06-17
1038,NE,SHDEV,APPR,2017-06-19
1039,NE,SHDEV,APPR,2017-06-19
1040,NE,SHDEV,APPR,2017-06-20
1041,NE,SHDEV,APPR,2017-06-20
1042,NE,SHDEV,APPR,2017-06-20
1043,NE,SHDEV,APPR,2017-06-20
1044,NE,SHDEV,APPR,2017-06-21
1045,NE,SHDEV,APPR,2017-06-21
1046,NE,SHDEV,APPR,2017-06-22
1047,NE,SHDEV,APPR,2017-06-22
1048,NE,SHDEV,APPR,2017-06-22
1049,NE,SHDEV,APPR,2017-06-23
1050,NE,SHDEV,APPR,2017-06-23
1051,NE,SHDEV,APPR,2017-06-23
1052,NE,SHDEV,APPR,2017-06-24
1053,NE,SHDEV,APPR,2017-06-24
1054,NE,SHDEV,APPR,2017-06-26
1055,NE,SHDEV,APPR,2017-06-26
1056,NE,SHDEV,APPR,2017-06-27
1057,NE,SHDEV,APPR,2017-06-27
1058,NE,SHDEV,APPR,2017-06-27
1059,NE,SHDEV,APPR,2017-06-27
1060,NE,SHDEV,APPR,2017-06-27
1061,NE,SHDEV,APPR,2017-06-27
1062,NE,SHDEV,APPR,2017-06-27
1063,NE,SHDEV,APPR,2017-06-27
1064,NE,SHDEV,APPR,2017-06-27
1065,NE,SHDEV,APPR,2017-06-27
1066,NE,SHDEV,APPR,2017-06-28
1067,NE,SHDEV,APPR,2017-06-29
1068,NE,SHDEV,APPR,2017-06-29
1069,NE,SHDEV,APPR,2017-06-29
1070,NE,SHDEV,APPR,2017-07-01
1071,NE,SHDEV,APPR,2017-07-03
1072,NE,SHDEV,APPR,2017-07-03
1073,NE,SHDEV,APPR,2017-07-03
1074,NE,SHDEV,APPR,2017-07-03
1075,NE,SHDEV,APPR,2017-07-04
1076,NE,SHDEV,APPR,2017-07-05
1077,NE,SHDEV,APPR,2017-07-05
1078,NE,SHDEV,APPR,2017-07-05
1079,NE,SHDEV,APPR,2017-07-06
1080,NE,SHDEV,APPR,2017-07-07
1081,NE,SHDEV,APPR,2017-07-08
1082,NE,SHDEV,APPR,2017-07-08
1083,NE,SHDEV,APPR,2017-07-08
1084,NE,SHDEV,APPR,2017-07-10
1085,NE,SHDEV,APPR,2017-07-10
1086,NE,SHDEV,APPR,2017-07-10
1087,NE,SHDEV,APPR,2017-07-10
1088,NE,SHDEV,APPR,2017-07-11
1089,NE,SHDEV,APPR,2017-07-12
1090,NE,SHDEV,APPR,2017-07-12
1091,NE,SHDEV,APPR,2017-07-12
1092,NE,SHDEV,APPR,2017-07-12
1093,NE,SHDEV,APPR,2017-07-12
1094,NE,SHDEV,APPR,2017-07-12
1095,NE,SHDEV,APPR,2017-07-14
1096,NE,SHDEV,APPR,2017-07-14
1097,NE,SHDEV,APPR,2017-07-14
1098,NE,SHDEV,APPR,2017-07-15
1099,NE,SHDEV,APPR,2017-07-15
1100,NE,SHDEV,APPR,2017-07-17
1101,NE,SHDEV,APPR,2017-07-17
1102,NE,SHDEV,APPR,2017-07-17
1103,NE,SHDEV,APPR,2017-07-17
1104,NE,SHDEV,APPR,2017-07-17
1105,NE,SHDEV,APPR,2017-07-17
1106,NE,SHDEV,APPR,2017-07-17
1107,NE,SHDEV,APPR,2017-07-17
1108,NE,SHDEV,APPR,2017-07-18
1109,NE,SHDEV,APPR,2017-07-18
1110,NE,SHDEV,APPR,2017-07-18
1111,NE,SHDEV,APPR,2017-07-18
1112,NE,SHDEV,APPR,2017-07-18
1113,NE,SHDEV,APPR,2017-07-19
1114,NE,SHDEV,APPR,2017-07-19
1115,NE,SHDEV,APPR,2017-07-19
1116,NE,SHDEV,APPR,2017-07-19
1117,NE,SHDEV,APPR,2017-07-20
1118,NE,SHDEV,APPR,2017-07-20
1119,NE,SHDEV,APPR,2017-07-20
1120,NE,SHDEV,APPR,2017-07-21
1121,NE,SHDEV,APPR,2017-07-21
1122,NE,SHDEV,APPR,2017-07-21
1123,NE,SHDEV,APPR,2017-07-22
1124,NE,SHDEV,APPR,2017-07-22
1125,NE,SHDEV,APPR,2017-07-22
1126,NE,SHDEV,APPR,2017-07-24
1127,NE,SHDEV,APPR,2017-07-24
1128,NE,SHDEV,APPR,2017-07-24
1129,NE,SHDEV,APPR,2017-07-24
1130,NE,SHDEV,APPR,2017-07-24
1131,NE,SHDEV,APPR,2017-07-25
1132,NE,SHDEV,APPR,2017-07-25
1133,NE,SHDEV,APPR,2017-07-25
1134,NE,SHDEV,APPR,2017-07-26
1135,NE,SHDEV,APPR,2017-07-26
1136,NE,SHDEV,APPR,2017-07-28
1137,NE,SHDEV,APPR,2017-07-28
1138,NE,SHDEV,APPR,2017-07-28
1139,NE,SHDEV,APPR,2017-07-29
1140,NE,SHDEV,APPR,2017-07-29
1141,NE,SHDEV,APPR,2017-07-29
1142,NE,SHDEV,APPR,2017-07-31
1143,NE,SHDEV,APPR,2017-07-31
1144,NE,SHDEV,APPR,2017-07-31
1145,NE,SHDEV,APPR,2017-08-01
1146,NE,SHDEV,APPR,2017-08-02
1147,NE,SHDEV,APPR,2017-08-03
1148,NE,SHDEV,APPR,2017-08-03
1149,NE,SHDEV,APPR,2017-08-03
1150,NE,SHDEV,APPR,2017-08-03
1151,NE,SHDEV,APPR,2017-08-03
1152,NE,SHDEV,APPR,2017-08-03
1153,NE,SHDEV,APPR,2017-08-04
1154,NE,SHDEV,APPR,2017-08-04
1155,NE,SHDEV,APPR,2017-08-04
1156,NE,SHDEV,APPR,2017-08-04
1157,NE,SHDEV,APPR,2017-08-05
1158,NE,SHDEV,APPR,2017-08-05
1159,NE,SHDEV,APPR,2017-08-05
1160,NE,SHDEV,APPR,2017-08-07
1161,NE,SHDEV,APPR,2017-08-07
1162,NE,SHDEV,APPR,2017-08-08
1163,NE,SHDEV,APPR,2017-08-08
1164,NE,SHDEV,APPR,2017-08-08
1165,NE,SHDEV,APPR,2017-08-08
1166,NE,SHDEV,APPR,2017-08-08
1167,NE,SHDEV,APPR,2017-08-08
1168,NE,SHDEV,APPR,2017-08-08
1169,NE,SHDEV,APPR,2017-08-09
1170,NE,SHDEV,APPR,2017-08-09
1171,NE,SHDEV,APPR,2017-08-09
1172,NE,SHDEV,APPR,2017-08-09
1173,NE,SHDEV,APPR,2017-08-09
1174,NE,SHDEV,APPR,2017-08-09
1175,NE,SHDEV,APPR,2017-08-10
1176,NE,SHDEV,APPR,2017-08-10
1177,NE,SHDEV,APPR,2017-08-10
1178,NE,SHDEV,APPR,2017-08-11
1179,NE,SHDEV,APPR,2017-08-12
1180,NE,SHDEV,APPR,2017-08-12
1181,NE,SHDEV,APPR,2017-08-12
1182,NE,SHDEV,APPR,2017-08-14
1183,NE,SHDEV,APPR,2017-08-14
1184,NE,SHDEV,APPR,2017-08-14
1185,NE,SHDEV,APPR,2017-08-14
1186,NE,SHDEV,APPR,2017-08-14
1187,NE,SHDEV,APPR,2017-08-14
1188,NE,SHDEV,APPR,2017-08-14
1189,NE,SHDEV,APPR,2017-08-14
1190,NE,SHDEV,APPR,2017-08-14
1191,NE,SHDEV,APPR,2017-08-17
1192,NE,SHDEV,APPR,2017-08-18
1193,NE,SHDEV,APPR,2017-08-18
1194,NE,SHDEV,APPR,2017-08-18
1195,NE,SHDEV,APPR,2017-08-18
1196,NE,SHDEV,APPR,2017-08-18
1197,NE,SHDEV,APPR,2017-08-18
1198,NE,SHDEV,APPR,2017-08-18
1199,NE,SHDEV,APPR,2017-08-18
1200,NE,SHDEV,APPR,2017-08-21
1201,NE,SHDEV,APPR,2017-08-22
1202,NE,SHDEV,APPR,2017-08-23
1203,NE,SHDEV,APPR,2017-08-24
1204,NE,SHDEV,APPR,2017-08-24
1205,NE,SHDEV,APPR,2017-08-24
1206,NE,SHDEV,APPR,2017-08-24
1207,NE,SHDEV,APPR,2017-08-25
1208,NE,SHDEV,APPR,2017-08-25
1209,NE,SHDEV,APPR,2017-08-26
1210,NE,SHDEV,APPR,2017-08-26
1211,NE,SHDEV,APPR,2017-08-28
1212,NE,SHDEV,APPR,2017-08-29
1213,NE,SHDEV,APPR,2017-08-29
1214,NE,SHDEV,APPR,2017-08-30
1215,NE,SHDEV,APPR,2017-08-30
1216,NE,SHDEV,APPR,2017-08-30
1217,NE,SHDEV,APPR,2017-08-31
1218,NE,SHDEV,APPR,2017-09-01
1219,NE,SHDEV,APPR,2017-09-01
1220,NE,SHDEV,APPR,2017-09-02
1221,NE,SHDEV,APPR,2017-09-04
1222,NE,SHDEV,APPR,2017-09-04
1223,NE,SHDEV,APPR,2017-09-04
1224,NE,SHDEV,APPR,2017-09-04
1225,NE,SHDEV,APPR,2017-09-05
1226,NE,SHDEV,APPR,2017-09-05
1227,NE,SHDEV,APPR,2017-09-05
1228,NE,SHDEV,APPR,2017-09-05
1229,NE,SHDEV,APPR,2017-09-05
1230,NE,SHDEV,APPR,2017-09-05
1231,NE,SHDEV,APPR,2017-09-06
1232,NE,SHDEV,APPR,2017-09-06
1233,NE,SHDEV,APPR,2017-09-06
1234,NE,SHDEV,APPR,2017-09-06
1235,NE,SHDEV,APPR,2017-09-07
1236,NE,SHDEV,APPR,2017-09-08
1237,NE,SHDEV,APPR,2017-09-08
1238,NE,SHDEV,APPR,2017-09-08
1239,NE,SHDEV,APPR,2017-09-08
1240,NE,SHDEV,APPR,2017-09-08
1241,NE,SHDEV,APPR,2017-09-08
1242,NE,SHDEV,APPR,2017-09-11
1243,NE,SHDEV,APPR,2017-09-11
1244,NE,SHDEV,APPR,2017-09-13
1245,NE,SHDEV,APPR,2017-09-14
1246,NE,SHDEV,APPR,2017-09-15
1247,NE,SHDEV,APPR,2017-09-15
1248,NE,SHDEV,APPR,2017-09-15
1249,NE,SHDEV,APPR,2017-09-16
1250,NE,SHDEV,APPR,2017-09-16
1251,NE,SHDEV,APPR,2017-09-16
1252,NE,SHDEV,APPR,2017-09-16
1253,NE,SHDEV,APPR,2017-09-16
1254,NE,SHDEV,APPR,2017-09-16
1255,NE,SHDEV,APPR,2017-09-16
1256,NE,SHDEV,APPR,2017-09-16
1257,NE,SHDEV,APPR,2017-09-18
1258,NE,SHDEV,APPR,2017-09-19
1259,NE,SHDEV,APPR,2017-09-19
1260,NE,SHDEV,APPR,2017-09-19
1261,NE,SHDEV,APPR,2017-09-19
1262,NE,SHDEV,APPR,2017-09-19
1263,NE,SHDEV,APPR,2017-09-19
1264,NE,SHDEV,APPR,2017-09-19
1265,NE,SHDEV,APPR,2017-09-20
1266,NE,SHDEV,APPR,2017-09-20
1267,NE,SHDEV,APPR,2017-09-20
1268,NE,SHDEV,APPR,2017-09-21
1269,NE,SHDEV,APPR,2017-09-22
1270,NE,SHDEV,APPR,2017-09-22
1271,NE,SHDEV,APPR,2017-09-22
1272,NE,SHDEV,APPR,2017-09-23
1273,NE,SHDEV,APPR,2017-09-23
1274,NE,SHDEV,APPR,2017-09-23
1275,NE,SHDEV,APPR,2017-09-25
1276,NE,SHDEV,APPR,2017-09-25
1277,NE,SHDEV,APPR,2017-09-25
1278,NE,SHDEV,APPR,2017-09-25
1279,NE,SHDEV,APPR,2017-09-25
1280,NE,SHDEV,APPR,2017-09-26
1281,NE,SHDEV,APPR,2017-09-28
1282,NE,SHDEV,APPR,2017-10-02
1283,NE,SHDEV,APPR,2017-10-02
1284,NE,SHDEV,APPR,2017-10-03
1285,NE,SHDEV,APPR,2017-10-04
1286,NE,SHDEV,APPR,2017-10-05
1287,NE,SHDEV,APPR,2017-10-06
1288,NE,SHDEV,APPR,2017-10-06
1289,NE,SHDEV,APPR,2017-10-06
1290,NE,SHDEV,APPR,2017-10-09
1291,NE,SHDEV,APPR,2017-10-09
1292,NE,SHDEV,APPR,2017-10-09
1293,NE,SHDEV,APPR,2017-10-09
1294,NE,SHDEV,APPR,2017-10-09
1295,NE,SHDEV,APPR,2017-10-09
1296,NE,SHDEV,APPR,2017-10-10
1297,NE,SHDEV,APPR,2017-10-10
1298,NE,SHDEV,APPR,2017-10-10
1299,NE,SHDEV,APPR,2017-10-10
1300,NE,SHDEV,APPR,2017-10-11
1301,NE,SHDEV,APPR,2017-10-11
1302,NE,SHDEV,APPR,2017-10-11
1303,NE,SHDEV,APPR,2017-10-11
1304,NE,SHDEV,APPR,2017-10-11
1305,NE,SHDEV,APPR,2017-10-11
1306,NE,SHDEV,APPR,2017-10-11
1307,NE,SHDEV,APPR,2017-10-11
1308,NE,SHDEV,APPR,2017-10-11
1309,NE,SHDEV,APPR,2017-10-11
1310,NE,SHDEV,APPR,2017-10-11
1311,NE,SHDEV,APPR,2017-10-12
1312,NE,SHDEV,APPR,2017-10-12
1313,NE,SHDEV,APPR,2017-10-14
1314,NE,SHDEV,APPR,2017-10-16
1315,NE,SHDEV,APPR,2017-10-16
1316,NE,SHDEV,APPR,2017-10-16
1317,NE,SHDEV,APPR,2017-10-17
1318,NE,SHDEV,APPR,2017-10-17
1319,NE,SHDEV,APPR,2017-10-17
1320,NE,SHDEV,APPR,2017-10-17
1321,NE,SHDEV,APPR,2017-10-17
1322,NE,SHDEV,APPR,2017-10-17
1323,NE,SHDEV,APPR,2017-10-17
1324,NE,SHDEV,APPR,2017-10-17
1325,NE,SHDEV,APPR,2017-10-17
1326,NE,SHDEV,APPR,2017-10-17
1327,NE,SHDEV,APPR,2017-10-17
1328,NE,SHDEV,APPR,2017-10-17
1329,NE,SHDEV,APPR,2017-10-17
1330,NE,SHDEV,APPR,2017-10-17
1331,NE,SHDEV,APPR,2017-10-17
1332,NE,SHDEV,APPR,2017-10-17
1333,NE,SHDEV,APPR,2017-10-17
1334,NE,SHDEV,APPR,2017-10-18
1335,NE,SHDEV,APPR,2017-10-19
1336,NE,SHDEV,APPR,2017-10-21
1337,NE,SHDEV,APPR,2017-10-21
1338,NE,SHDEV,APPR,2017-10-21
1339,NE,SHDEV,APPR,2017-10-21
1340,NE,SHDEV,APPR,2017-10-23
1341,NE,SHDEV,APPR,2017-10-24
1342,NE,SHDEV,APPR,2017-10-26
1343,NE,SHDEV,APPR,2017-10-27
1344,NE,SHDEV,APPR,2017-10-28
1345,NE,SHDEV,APPR,2017-10-30
1346,NE,SHDEV,APPR,2017-10-30
1347,NE,SHDEV,APPR,2017-10-30
1348,NE,SHDEV,APPR,2017-11-01
1349,NE,SHDEV,APPR,2017-11-01
1350,NE,SHDEV,APPR,2017-11-02
1351,NE,SHDEV,APPR,2017-11-02
1352,NE,SHDEV,APPR,2017-11-02
1353,NE,SHDEV,APPR,2017-11-02
1354,NE,SHDEV,APPR,2017-11-03
1355,NE,SHDEV,APPR,2017-11-04
1356,NE,SHDEV,APPR,2017-11-06
1357,NE,SHDEV,APPR,2017-11-07
1358,NE,SHDEV,APPR,2017-11-07
1359,NE,SHDEV,APPR,2017-11-08
1360,NE,SHDEV,APPR,2017-11-08
1361,NE,SHDEV,APPR,2017-11-09
1362,NE,SHDEV,APPR,2017-11-09
1363,NE,SHDEV,APPR,2017-11-09
1364,NE,SHDEV,APPR,2017-11-11
1365,NE,SHDEV,APPR,2017-11-11
1366,NE,SHDEV,APPR,2017-11-11
1367,NE,SHDEV,APPR,2017-11-11
1368,NE,SHDEV,APPR,2017-11-13
1369,NE,SHDEV,APPR,2017-11-13
1370,NE,SHDEV,APPR,2017-11-13
1371,NE,SHDEV,APPR,2017-11-14
1372,NE,SHDEV,APPR,2017-11-16
1373,NE,SHDEV,APPR,2017-11-17
1374,NE,SHDEV,APPR,2017-11-18
1375,NE,SHDEV,APPR,2017-11-18
1376,NE,SHDEV,APPR,2017-11-20
1377,NE,SHDEV,APPR,2017-11-20
1378,NE,SHDEV,APPR,2017-11-21
1379,NE,SHDEV,APPR,2017-11-21
1380,NE,SHDEV,APPR,2017-11-23
1381,NE,SHDEV,APPR,2017-11-23
1382,NE,SHDEV,APPR,2017-11-23
1383,NE,SHDEV,APPR,2017-11-23
1384,NE,SHDEV,APPR,2017-11-23
1385,NE,SHDEV,APPR,2017-11-23
1386,NE,SHDEV,APPR,2017-11-23
1387,NE,SHDEV,APPR,2017-11-23
1388,NE,SHDEV,APPR,2017-11-27
1389,NE,SHDEV,APPR,2017-11-27
1390,NE,SHDEV,APPR,2017-11-28
1391,NE,SHDEV,APPR,2017-11-28
1392,NE,SHDEV,APPR,2017-11-29
1393,NE,SHDEV,APPR,2017-11-29
1394,NE,SHDEV,APPR,2017-11-29
1395,NE,SHDEV,APPR,2017-11-29
1396,NE,SHDEV,APPR,2017-11-29
1397,NE,SHDEV,APPR,2017-12-01
1398,NE,SHDEV,APPR,2017-12-01
1399,NE,SHDEV,APPR,2017-12-01
1400,NE,SHDEV,APPR,2017-12-01
1401,NE,SHDEV,APPR,2017-12-02
1402,NE,SHDEV,APPR,2017-12-04
1403,NE,SHDEV,APPR,2017-12-04
1404,NE,SHDEV,APPR,2017-12-04
1405,NE,SHDEV,APPR,2017-12-05
1406,NE,SHDEV,APPR,2017-12-05
1407,NE,SHDEV,APPR,2017-12-05
1408,NE,SHDEV,APPR,2017-12-05
1409,NE,SHDEV,APPR,2017-12-06
1410,NE,SHDEV,APPR,2017-12-06
1411,NE,SHDEV,APPR,2017-12-07
1412,NE,SHDEV,APPR,2017-12-07
1413,NE,SHDEV,APPR,2017-12-08
1414,NE,SHDEV,APPR,2017-12-08
1415,NE,SHDEV,APPR,2017-12-08
1416,NE,SHDEV,APPR,2017-12-09
1417,NE,SHDEV,APPR,2017-12-09
1418,NE,SHDEV,APPR,2017-12-09
1419,NE,SHDEV,APPR,2017-12-11
1420,NE,SHDEV,APPR,2017-12-11
1421,NE,SHDEV,APPR,2017-12-11
1422,NE,SHDEV,APPR,2017-12-11
1423,NE,SHDEV,APPR,2017-12-11
1424,NE,SHDEV,APPR,2017-12-11
1425,NE,SHDEV,APPR,2017-12-12
1426,NE,SHDEV,APPR,2017-12-12
1427,NE,SHDEV,APPR,2017-12-12
1428,NE,SHDEV,APPR,2017-12-13
1429,NE,SHDEV,APPR,2017-12-13
1430,NE,SHDEV,APPR,2017-12-13
1431,NE,SHDEV,APPR,2017-12-14
1432,NE,SHDEV,APPR,2017-12-14
1433,NE,SHDEV,APPR,2017-12-14
1434,NE,SHDEV,APPR,2017-12-15
1435,NE,SHDEV,APPR,2017-12-15
1436,NE,SHDEV,APPR,2017-12-15
1437,NE,SHDEV,APPR,2017-12-15
1438,NE,SHDEV,APPR,2017-12-18
1439,NE,SHDEV,APPR,2017-12-19
1440,NE,SHDEV,APPR,2017-12-19
1441,NE,SHDEV,APPR,2017-12-21
1442,NE,SHDEV,APPR,2017-12-21
1443,NE,SHDEV,APPR,2017-12-21
1444,NE,SHDEV,APPR,2017-12-22
1445,NE,SHDEV,APPR,2017-12-23
1446,NE,SHDEV,APPR,2017-12-23
1447,NE,SHDEV,APPR,2017-12-23
1448,NE,SHDEV,APPR,2017-12-23
1449,NE,SHDEV,APPR,2017-12-25
1450,NE,SHDEV,APPR,2017-12-27
1451,NE,SHDEV,APPR,2017-12-27
1452,NE,SHDEV,APPR,2017-12-27
1453,NE,SHDEV,APPR,2017-12-27
1454,NE,SHDEV,APPR,2017-12-27
1455,NE,SHDEV,APPR,2017-12-27
1456,NE,SHDEV,APPR,2017-12-27
1457,NE,SHDEV,APPR,2017-12-27
1458,NE,SHDEV,APPR,2017-12-27
1459,NE,SHDEV,APPR,2017-12-28
1460,NE,SHDEV,APPR,2017-12-29
1461,NE,SHDEV,APPR,2017-12-29
1462,NE,SHDEV,APPR,2017-12-29
1463,NE,SHDEV,APPR,2017-12-30
1464,NE,SHDEV,APPR,2018-01-01
1465,NE,SHSR,APPR,2017-01-02
1466,NE,SHSR,APPR,2017-01-02
1467,NE,SHSR,APPR,2017-01-02
1468,NE,SHSR,APPR,2017-01-03
1469,NE,SHSR,APPR,2017-01-03
1470,NE,SHSR,APPR,2017-01-03
1471,NE,SHSR,APPR,2017-01-04
1472,NE,SHSR,APPR,2017-01-04
1473,NE,SHSR,APPR,2017-01-04
1474,NE,SHSR,APPR,2017-01-04
1475,NE,SHSR,APPR,2017-01-05
1476,NE,SHSR,APPR,2017-01-06
1477,NE,SHSR,APPR,2017-01-06
1478,NE,SHSR,APPR,2017-01-06
1479,NE,SHSR,APPR,2017-01-06
1480,NE,SHSR,APPR,2017-01-06
1481,NE,SHSR,APPR,2017-01-06
1482,NE,SHSR,APPR,2017-01-07
1483,NE,SHSR,APPR,2017-01-07
1484,NE,SHSR,APPR,2017-01-07
1485,NE,SHSR,APPR,2017-01-07
1486,NE,SHSR,APPR,2017-01-09
1487,NE,SHSR,APPR,2017-01-12
1488,NE,SHSR,APPR,2017-01-12
1489,NE,SHSR,APPR,2017-01-12
1490,NE,SHSR,APPR,2017-01-12
1491,NE,SHSR,APPR,2017-01-14
1492,NE,SHSR,APPR,2017-01-14
1493,NE,SHSR,APPR,2017-01-14
1494,NE,SHSR,APPR,2017-01-17
1495,NE,SHSR,APPR,2017-01-17
1496,NE,SHSR,APPR,2017-01-17
1497,NE,SHSR,APPR,2017-01-17
1498,NE,SHSR,APPR,2017-01-17
1499,NE,SHSR,APPR,2017-01-17
1500,NE,SHSR,APPR,2017-01-18
1501,NE,SHSR,APPR,2017-01-18
1502,NE,SHSR,APPR,2017-01-18
1503,NE,SHSR,APPR,2017-01-19
1504,NE,SHSR,APPR,2017-01-20
1505,NE,SHSR,APPR,2017-01-20
1506,NE,SHSR,APPR,2017-01-22
1507,NE,SHSR,APPR,2017-01-23
1508,NE,SHSR,APPR,2017-01-23
1509,NE,SHSR,APPR,2017-01-23
1510,NE,SHSR,APPR,2017-01-29
1511,NE,SHSR,APPR,2017-01-29
1512,NE,SHSR,APPR,2017-01-30
1513,NE,SHSR,APPR,2017-01-30
1514,NE,SHSR,APPR,2017-01-30
1515,NE,SHSR,APPR,2017-02-01
1516,NE,SHSR,APPR,2017-02-02
1517,NE,SHSR,APPR,2017-02-02
1518,NE,SHSR,APPR,2017-02-02
1519,NE,SHSR,APPR,2017-02-03
1520,NE,SHSR,APPR,2017-02-03
1521,NE,SHSR,APPR,2017-02-06
1522,NE,SHSR,APPR,2017-02-06
1523,NE,SHSR,APPR,2017-02-06
1524,NE,SHSR,APPR,2017-02-06
1525,NE,SHSR,APPR,2017-02-06
1526,NE,SHSR,APPR,2017-02-06
1527,NE,SHSR,APPR,2017-02-06
1528,NE,SHSR,APPR,2017-02-06
1529,NE,SHSR,APPR,2017-02-07
1530,NE,SHSR,APPR,2017-02-07
1531,NE,SHSR,APPR,2017-02-07
1532,NE,SHSR,APPR,2017-02-07
1533,NE,SHSR,APPR,2017-02-07
1534,NE,SHSR,APPR,2017-02-09
1535,NE,SHSR,APPR,2017-02-11
1536,NE,SHSR,APPR,2017-02-12
1537,NE,SHSR,APPR,2017-02-15
1538,NE,SHSR,APPR,2017-02-15
1539,NE,SHSR,APPR,2017-02-16
1540,NE,SHSR,APPR,2017-02-16
1541,NE,SHSR,APPR,2017-02-16
1542,NE,SHSR,APPR,2017-02-16
1543,NE,SHSR,APPR,2017-02-17
1544,NE,SHSR,APPR,2017-02-17
1545,NE,SHSR,APPR,2017-02-22
1546,NE,SHSR,APPR,2017-02-23
1547,NE,SHSR,APPR,2017-02-23
1548,NE,SHSR,APPR,2017-02-23
1549,NE,SHSR,APPR,2017-02-23
1550,NE,SHSR,APPR,2017-02-23
1551,NE,SHSR,APPR,2017-02-23
1552,NE,SHSR,APPR,2017-02-24
1553,NE,SHSR,APPR,2017-02-24
1554,NE,SHSR,APPR,2017-02-25
1555,NE,SHSR,APPR,2017-02-25
1556,NE,SHSR,APPR,2017-02-25
1557,NE,SHSR,APPR,2017-02-26
1558,NE,SHSR,APPR,2017-02-26
1559,NE,SHSR,APPR,2017-02-26
1560,NE,SHSR,APPR,2017-03-01
1561,NE,SHSR,APPR,2017-03-07
1562,NE,SHSR,APPR,2017-03-07
1563,NE,SHSR,APPR,2017-03-07
1564,NE,SHSR,APPR,2017-03-08
1565,NE,SHSR,APPR,2017-03-09
1566,NE,SHSR,APPR,2017-03-09
1567,NE,SHSR,APPR,2017-03-10
1568,NE,SHSR,APPR,2017-03-11
1569,NE,SHSR,APPR,2017-03-11
1570,NE,SHSR,APPR,2017-03-11
1571,NE,SHSR,APPR,2017-03-11
1572,NE,SHSR,APPR,2017-03-12
1573,NE,SHSR,APPR,2017-03-14
1574,NE,SHSR,APPR,2017-03-17
1575,NE,SHSR,APPR,2017-03-17
1576,NE,SHSR,APPR,2017-03-17
1577,NE,SHSR,APPR,2017-03-17
1578,NE,SHSR,APPR,2017-03-19
1579,NE,SHSR,APPR,2017-03-19
1580,NE,SHSR,APPR,2017-03-19
1581,NE,SHSR,APPR,2017-03-19
1582,NE,SHSR,APPR,2017-03-19
1583,NE,SHSR,APPR,2017-03-19
1584,NE,SHSR,APPR,2017-03-19
1585,NE,SHSR,APPR,2017-03-21
1586,NE,SHSR,APPR,2017-03-21
1587,NE,SHSR,APPR,2017-03-23
1588,NE,SHSR,APPR,2017-03-24
1589,NE,SHSR,APPR,2017-03-24
1590,NE,SHSR,APPR,2017-03-25
1591,NE,SHSR,APPR,2017-03-25
1592,NE,SHSR,APPR,2017-03-25
1593,NE,SHSR,APPR,2017-03-25
1594,NE,SHSR,APPR,2017-03-25
1595,NE,SHSR,APPR,2017-03-25
1596,NE,SHSR,APPR,2017-03-25
1597,NE,SHSR,APPR,2017-03-26
1598,NE,SHSR,APPR,2017-03-26
1599,NE,SHSR,APPR,2017-03-27
1600,NE,SHSR,APPR,2017-03-28
1601,NE,SHSR,APPR,2017-03-28
1602,NE,SHSR,APPR,2017-03-29
1603,NE,SHSR,APPR,2017-03-30
1604,NE,SHSR,APPR,2017-03-30
1605,NE,SHSR,APPR,2017-03-30
1606,NE,SHSR,APPR,2017-04-01
1607,NE,SHSR,APPR,2017-04-02
1608,NE,SHSR,APPR,2017-04-05
1609,NE,SHSR,APPR,2017-04-06
1610,NE,SHSR,APPR,2017-04-06
1611,NE,SHSR,APPR,2017-04-06
1612,NE,SHSR,APPR,2017-04-06
1613,NE,SHSR,APPR,2017-04-06
1614,NE,SHSR,APPR,2017-04-06
1615,NE,SHSR,APPR,2017-04-08
1616,NE,SHSR,APPR,2017-04-08
1617,NE,SHSR,APPR,2017-04-08
1618,NE,SHSR,APPR,2017-04-08
1619,NE,SHSR,APPR,2017-04-08
1620,NE,SHSR,APPR,2017-04-10
1621,NE,SHSR,APPR,2017-04-10
1622,NE,SHSR,APPR,2017-04-11
1623,NE,SHSR,APPR,2017-04-11
1624,NE,SHSR,APPR,2017-04-11
1625,NE,SHSR,APPR,2017-04-11
1626,NE,SHSR,APPR,2017-04-11
1627,NE,SHSR,APPR,2017-04-11
1628,NE,SHSR,APPR,2017-04-16
1629,NE,SHSR,APPR,2017-04-16
1630,NE,SHSR,APPR,2017-04-16
1631,NE,SHSR,APPR,2017-04-17
1632,NE,SHSR,APPR,2017-04-17
1633,NE,SHSR,APPR,2017-04-18
1634,NE,SHSR,APPR,2017-04-19
1635,NE,SHSR,APPR,2017-04-19
1636,NE,SHSR,APPR,2017-04-20
1637,NE,SHSR,APPR,2017-04-20
1638,NE,SHSR,APPR,2017-04-20
1639,NE,SHSR,APPR,2017-04-24
1640,NE,SHSR,APPR,2017-04-26
1641,NE,SHSR,APPR,2017-04-26
1642,NE,SHSR,APPR,2017-04-27
1643,NE,SHSR,APPR,2017-04-29
1644,NE,SHSR,APPR,2017-04-29
1645,NE,SHSR,APPR,2017-04-29
1646,NE,SHSR,APPR,2017-05-03
1647,NE,SHSR,APPR,2017-05-03
1648,NE,SHSR,APPR,2017-05-03
1649,NE,SHSR,APPR,2017-05-03
1650,NE,SHSR,APPR,2017-05-03
1651,NE,SHSR,APPR,2017-05-06
1652,NE,SHSR,APPR,2017-05-09
1653,NE,SHSR,APPR,2017-05-09
1654,NE,SHSR,APPR,2017-05-09
1655,NE,SHSR,APPR,2017-05-10
1656,NE,SHSR,APPR,2017-05-10
1657,NE,SHSR,APPR,2017-05-11
1658,NE,SHSR,APPR,2017-05-11
1659,NE,SHSR,APPR,2017-05-11
1660,NE,SHSR,APPR,2017-05-11
1661,NE,SHSR,APPR,2017-05-12
1662,NE,SHSR,APPR,2017-05-12
1663,NE,SHSR,APPR,2017-05-14
1664,NE,SHSR,APPR,2017-05-14
1665,NE,SHSR,APPR,2017-05-18
1666,NE,SHSR,APPR,2017-05-18
1667,NE,SHSR,APPR,2017-05-18
1668,NE,SHSR,APPR,2017-05-18
1669,NE,SHSR,APPR,2017-05-19
1670,NE,SHSR,APPR,2017-05-19
1671,NE,SHSR,APPR,2017-05-19
1672,NE,SHSR,APPR,2017-05-19
1673,NE,SHSR,APPR,2017-05-19
1674,NE,SHSR,APPR,2017-05-20
1675,NE,SHSR,APPR,2017-05-20
1676,NE,SHSR,APPR,2017-05-20
1677,NE,SHSR,APPR,2017-05-20
1678,NE,SHSR,APPR,2017-05-20
1679,NE,SHSR,APPR,2017-05-22
1680,NE,SHSR,APPR,2017-05-22
1681,NE,SHSR,APPR,2017-05-23
1682,NE,SHSR,APPR,2017-05-23
1683,NE,SHSR,APPR,2017-05-24
1684,NE,SHSR,APPR,2017-05-25
1685,NE,SHSR,APPR,2017-05-26
1686,NE,SHSR,APPR,2017-05-28
1687,NE,SHSR,APPR,2017-05-28
1688,NE,SHSR,APPR,2017-05-29
1689,NE,SHSR,APPR,2017-05-29
1690,NE,SHSR,APPR,2017-05-29
1691,NE,SHSR,APPR,2017-06-05
1692,NE,SHSR,APPR,2017-06-05
1693,NE,SHSR,APPR,2017-06-05
1694,NE,SHSR,APPR,2017-06-07
1695,NE,SHSR,APPR,2017-06-07
1696,NE,SHSR,APPR,2017-06-08
1697,NE,SHSR,APPR,2017-06-08
1698,NE,SHSR,APPR,2017-06-08
1699,NE,SHSR,APPR,2017-06-09
1700,NE,SHSR,APPR,2017-06-10
1701,NE,SHSR,APPR,2017-06-10
1702,NE,SHSR,APPR,2017-06-10
1703,NE,SHSR,APPR,2017-06-10
1704,NE,SHSR,APPR,2017-06-10
1705,NE,SHSR,APPR,2017-06-11
1706,NE,SHSR,APPR,2017-06-11
1707,NE,SHSR,APPR,2017-06-12
1708,NE,SHSR,APPR,2017-06-12
1709,NE,SHSR,APPR,2017-06-12
1710,NE,SHSR,APPR,2017-06-15
1711,NE,SHSR,APPR,2017-06-17
1712,NE,SHSR,APPR,2017-06-17
1713,NE,SHSR,APPR,2017-06-21
1714,NE,SHSR,APPR,2017-06-21
1715,NE,SHSR,APPR,2017-06-21
1716,NE,SHSR,APPR,2017-06-21
1717,NE,SHSR,APPR,2017-06-22
1718,NE,SHSR,APPR,2017-06-24
1719,NE,SHSR,APPR,2017-06-26
1720,NE,SHSR,APPR,2017-06-27
1721,NE,SHSR,APPR,2017-06-27
1722,NE,SHSR,APPR,2017-06-28
1723,NE,SHSR,APPR,2017-06-30
1724,NE,SHSR,APPR,2017-06-30
1725,NE,SHSR,APPR,2017-07-01
1726,NE,SHSR,APPR,2017-07-02
1727,NE,SHSR,APPR,2017-07-04
1728,NE,SHSR,APPR,2017-07-04
1729,NE,SHSR,APPR,2017-07-04
1730,NE,SHSR,APPR,2017-07-04
1731,NE,SHSR,APPR,2017-07-04
1732,NE,SHSR,APPR,2017-07-04
1733,NE,SHSR,APPR,2017-07-04
1734,NE,SHSR,APPR,2017-07-04
1735,NE,SHSR,APPR,2017-07-04
1736,NE,SHSR,APPR,2017-07-05
1737,NE,SHSR,APPR,2017-07-06
1738,NE,SHSR,APPR,2017-07-08
1739,NE,SHSR,APPR,2017-07-12
1740,NE,SHSR,APPR,2017-07-12
1741,NE,SHSR,APPR,2017-07-12
1742,NE,SHSR,APPR,2017-07-13
1743,NE,SHSR,APPR,2017-07-14
1744,NE,SHSR,APPR,2017-07-14
1745,NE,SHSR,APPR,2017-07-15
1746,NE,SHSR,APPR,2017-07-16
1747,NE,SHSR,APPR,2017-07-17
1748,NE,SHSR,APPR,2017-07-17
1749,NE,SHSR,APPR,2017-07-17
1750,NE,SHSR,APPR,2017-07-17
1751,NE,SHSR,APPR,2017-07-18
1752,NE,SHSR,APPR,2017-07-20
1753,NE,SHSR,APPR,2017-07-20
1754,NE,SHSR,APPR,2017-07-20
1755,NE,SHSR,APPR,2017-07-22
1756,NE,SHSR,APPR,2017-07-22
1757,NE,SHSR,APPR,2017-07-22
1758,NE,SHSR,APPR,2017-07-22
1759,NE,SHSR,APPR,2017-07-22
1760,NE,SHSR,APPR,2017-07-22
1761,NE,SHSR,APPR,2017-07-24
1762,NE,SHSR,APPR,2017-07-27
1763,NE,SHSR,APPR,2017-07-28
1764,NE,SHSR,APPR,2017-07-28
1765,NE,SHSR,APPR,2017-07-28
1766,NE,SHSR,APPR,2017-07-29
1767,NE,SHSR,APPR,2017-07-29
1768,NE,SHSR,APPR,2017-07-30
1769,NE,SHSR,APPR,2017-07-31
1770,NE,SHSR,APPR,2017-08-01
1771,NE,SHSR,APPR,2017-08-01
1772,NE,SHSR,APPR,2017-08-01
1773,NE,SHSR,APPR,2017-08-02
1774,NE,SHSR,APPR,2017-08-04
1775,NE,SHSR,APPR,2017-08-04
1776,NE,SHSR,APPR,2017-08-04
1777,NE,SHSR,APPR,2017-08-04
1778,NE,SHSR,APPR,2017-08-04
1779,NE,SHSR,APPR,2017-08-04
1780,NE,SHSR,APPR,2017-08-06
1781,NE,SHSR,APPR,2017-08-06
1782,NE,SHSR,APPR,2017-08-06
1783,NE,SHSR,APPR,2017-08-06
1784,NE,SHSR,APPR,2017-08-06
1785,NE,SHSR,APPR,2017-08-06
1786,NE,SHSR,APPR,2017-08-06
1787,NE,SHSR,APPR,2017-08-07
1788,NE,SHSR,APPR,2017-08-07
1789,NE,SHSR,APPR,2017-08-08
1790,NE,SHSR,APPR,2017-08-09
1791,NE,SHSR,APPR,2017-08-09
1792,NE,SHSR,APPR,2017-08-10
1793,NE,SHSR,APPR,2017-08-10
1794,NE,SHSR,APPR,2017-08-10
1795,NE,SHSR,APPR,2017-08-10
1796,NE,SHSR,APPR,2017-08-11
1797,NE,SHSR,APPR,2017-08-12
1798,NE,SHSR,APPR,2017-08-13
1799,NE,SHSR,APPR,2017-08-15
1800,NE,SHSR,APPR,2017-08-15
1801,NE,SHSR,APPR,2017-08-16
1802,NE,SHSR,APPR,2017-08-16
1803,NE,SHSR,APPR,2017-08-16
1804,NE,SHSR,APPR,2017-08-17
1805,NE,SHSR,APPR,2017-08-17
1806,NE,SHSR,APPR,2017-08-17
1807,NE,SHSR,APPR,2017-08-18
1808,NE,SHSR,APPR,2017-08-18
1809,NE,SHSR,APPR,2017-08-19
1810,NE,SHSR,APPR,2017-08-20
1811,NE,SHSR,APPR,2017-08-20
1812,NE,SHSR,APPR,2017-08-21
1813,NE,SHSR,APPR,2017-08-21
1814,NE,SHSR,APPR,2017-08-21
1815,NE,SHSR,APPR,2017-08-21
1816,NE,SHSR,APPR,2017-08-22
1817,NE,SHSR,APPR,2017-08-27
1818,NE,SHSR,APPR,2017-08-27
1819,NE,SHSR,APPR,2017-08-27
1820,NE,SHSR,APPR,2017-08-27
1821,NE,SHSR,APPR,2017-08-27
1822,NE,SHSR,APPR,2017-08-27
1823,NE,SHSR,APPR,2017-08-27
1824,NE,SHSR,APPR,2017-08-31
1825,NE,SHSR,APPR,2017-08-31
1826,NE,SHSR,APPR,2017-08-31
1827,NE,SHSR,APPR,2017-08-31
1828,NE,SHSR,APPR,2017-08-31
1829,NE,SHSR,APPR,2017-09-01
1830,NE,SHSR,APPR,2017-09-01
1831,NE,SHSR,APPR,2017-09-01
1832,NE,SHSR,APPR,2017-09-01
1833,NE,SHSR,APPR,2017-09-01
1834,NE,SHSR,APPR,2017-09-03
1835,NE,SHSR,APPR,2017-09-05
1836,NE,SHSR,APPR,2017-09-05
1837,NE,SHSR,APPR,2017-09-05
1838,NE,SHSR,APPR,2017-09-05
1839,NE,SHSR,APPR,2017-09-05
1840,NE,SHSR,APPR,2017-09-09
1841,NE,SHSR,APPR,2017-09-09
1842,NE,SHSR,APPR,2017-09-09
1843,NE,SHSR,APPR,2017-09-09
1844,NE,SHSR,APPR,2017-09-09
1845,NE,SHSR,APPR,2017-09-09
1846,NE,SHSR,APPR,2017-09-10
1847,NE,SHSR,APPR,2017-09-10
1848,NE,SHSR,APPR,2017-09-10
1849,NE,SHSR,APPR,2017-09-10
1850,NE,SHSR,APPR,2017-09-10
1851,NE,SHSR,APPR,2017-09-10
1852,NE,SHSR,APPR,2017-09-10
1853,NE,SHSR,APPR,2017-09-10
1854,NE,SHSR,APPR,2017-09-13
1855,NE,SHSR,APPR,2017-09-17
1856,NE,SHSR,APPR,2017-09-17
1857,NE,SHSR,APPR,2017-09-18
1858,NE,SHSR,APPR,2017-09-18
1859,NE,SHSR,APPR,2017-09-18
1860,NE,SHSR,APPR,2017-09-18
1861,NE,SHSR,APPR,2017-09-20
1862,NE,SHSR,APPR,2017-09-20
1863,NE,SHSR,APPR,2017-09-21
1864,NE,SHSR,APPR,2017-09-21
1865,NE,SHSR,APPR,2017-09-22
1866,NE,SHSR,APPR,2017-09-23
1867,NE,SHSR,APPR,2017-09-24
1868,NE,SHSR,APPR,2017-09-24
1869,NE,SHSR,APPR,2017-09-24
1870,NE,SHSR,APPR,2017-09-24
1871,NE,SHSR,APPR,2017-09-24
1872,NE,SHSR,APPR,2017-09-25
1873,NE,SHSR,APPR,2017-09-25
1874,NE,SHSR,APPR,2017-09-26
1875,NE,SHSR,APPR,2017-09-28
1876,NE,SHSR,APPR,2017-09-29
1877,NE,SHSR,APPR,2017-10-01
1878,NE,SHSR,APPR,2017-10-02
1879,NE,SHSR,APPR,2017-10-04
1880,NE,SHSR,APPR,2017-10-05
1881,NE,SHSR,APPR,2017-10-05
1882,NE,SHSR,APPR,2017-10-05
1883,NE,SHSR,APPR,2017-10-06
1884,NE,SHSR,APPR,2017-10-06
1885,NE,SHSR,APPR,2017-10-06
1886,NE,SHSR,APPR,2017-10-08
1887,NE,SHSR,APPR,2017-10-08
1888,NE,SHSR,APPR,2017-10-09
1889,NE,SHSR,APPR,2017-10-09
1890,NE,SHSR,APPR,2017-10-09
1891,NE,SHSR,APPR,2017-10-10
1892,NE,SHSR,APPR,2017-10-10
1893,NE,SHSR,APPR,2017-10-10
1894,NE,SHSR,APPR,2017-10-12
1895,NE,SHSR,APPR,2017-10-12
1896,NE,SHSR,APPR,2017-10-12
1897,NE,SHSR,APPR,2017-10-12
1898,NE,SHSR,APPR,2017-10-16
1899,NE,SHSR,APPR,2017-10-16
1900,NE,SHSR,APPR,2017-10-16
1901,NE,SHSR,APPR,2017-10-16
1902,NE,SHSR,APPR,2017-10-17
1903,NE,SHSR,APPR,2017-10-17
1904,NE,SHSR,APPR,2017-10-17
1905,NE,SHSR,APPR,2017-10-17
1906,NE,SHSR,APPR,2017-10-17
1907,NE,SHSR,APPR,2017-10-17
1908,NE,SHSR,APPR,2017-10-18
1909,NE,SHSR,APPR,2017-10-18
1910,NE,SHSR,APPR,2017-10-19
1911,NE,SHSR,APPR,2017-10-21
1912,NE,SHSR,APPR,2017-10-21
1913,NE,SHSR,APPR,2017-10-21
1914,NE,SHSR,APPR,2017-10-22
1915,NE,SHSR,APPR,2017-10-24
1916,NE,SHSR,APPR,2017-10-25
1917,NE,SHSR,APPR,2017-10-25
1918,NE,SHSR,APPR,2017-10-25
1919,NE,SHSR,APPR,2017-10-26
1920,NE,SHSR,APPR,2017-10-28
1921,NE,SHSR,APPR,2017-10-28
1922,NE,SHSR,APPR,2017-10-29
1923,NE,SHSR,APPR,2017-10-30
1924,NE,SHSR,APPR,2017-10-30
1925,NE,SHSR,APPR,2017-10-30
1926,NE,SHSR,APPR,2017-11-01
1927,NE,SHSR,APPR,2017-11-01
1928,NE,SHSR,APPR,2017-11-01
1929,NE,SHSR,APPR,2017-11-02
1930,NE,SHSR,APPR,2017-11-02
1931,NE,SHSR,APPR,2017-11-03
1932,NE,SHSR,APPR,2017-11-04
1933,NE,SHSR,APPR,2017-11-04
1934,NE,SHSR,APPR,2017-11-06
1935,NE,SHSR,APPR,2017-11-07
1936,NE,SHSR,APPR,2017-11-07
1937,NE,SHSR,APPR,2017-11-07
1938,NE,SHSR,APPR,2017-11-07
1939,NE,SHSR,APPR,2017-11-07
1940,NE,SHSR,APPR,2017-11-08
1941,NE,SHSR,APPR,2017-11-09
1942,NE,SHSR,APPR,2017-11-10
1943,NE,SHSR,APPR,2017-11-10
1944,NE,SHSR,APPR,2017-11-11
1945,NE,SHSR,APPR,2017-11-11
1946,NE,SHSR,APPR,2017-11-11
1947,NE,SHSR,APPR,2017-11-11
1948,NE,SHSR,APPR,2017-11-11
1949,NE,SHSR,APPR,2017-11-11
1950,NE,SHSR,APPR,2017-11-11
1951,NE,SHSR,APPR,2017-11-11
1952,NE,SHSR,APPR,2017-11-11
1953,NE,SHSR,APPR,2017-11-12
1954,NE,SHSR,APPR,2017-11-12
1955,NE,SHSR,APPR,2017-11-12
1956,NE,SHSR,APPR,2017-11-12
1957,NE,SHSR,APPR,2017-11-12
1958,NE,SHSR,APPR,2017-11-13
1959,NE,SHSR,APPR,2017-11-13
1960,NE,SHSR,APPR,2017-11-14
1961,NE,SHSR,APPR,2017-11-14
1962,NE,SHSR,APPR,2017-11-14
1963,NE,SHSR,APPR,2017-11-14
1964,NE,SHSR,APPR,2017-11-14
1965,NE,SHSR,APPR,2017-11-14
1966,NE,SHSR,APPR,2017-11-15
1967,NE,SHSR,APPR,2017-11-15
1968,NE,SHSR,APPR,2017-11-15
1969,NE,SHSR,APPR,2017-11-16
1970,NE,SHSR,APPR,2017-11-18
1971,NE,SHSR,APPR,2017-11-18
1972,NE,SHSR,APPR,2017-11-22
1973,NE,SHSR,APPR,2017-11-25
1974,NE,SHSR,APPR,2017-11-26
1975,NE,SHSR,APPR,2017-11-27
1976,NE,SHSR,APPR,2017-11-27
1977,NE,SHSR,APPR,2017-11-28
1978,NE,SHSR,APPR,2017-11-28
1979,NE,SHSR,APPR,2017-11-28
1980,NE,SHSR,APPR,2017-11-28
1981,NE,SHSR,APPR,2017-11-28
1982,NE,SHSR,APPR,2017-11-28
1983,NE,SHSR,APPR,2017-11-29
1984,NE,SHSR,APPR,2017-11-29
1985,NE,SHSR,APPR,2017-11-29
1986,NE,SHSR,APPR,2017-11-29
1987,NE,SHSR,APPR,2017-11-30
1988,NE,SHSR,APPR,2017-12-03
1989,NE,SHSR,APPR,2017-12-03
1990,NE,SHSR,APPR,2017-12-03
1991,NE,SHSR,APPR,2017-12-03
1992,NE,SHSR,APPR,2017-12-05
1993,NE,SHSR,APPR,2017-12-05
1994,NE,SHSR,APPR,2017-12-05
1995,NE,SHSR,APPR,2017-12-06
1996,NE,SHSR,APPR,2017-12-06
1997,NE,SHSR,APPR,2017-12-06
1998,NE,SHSR,APPR,2017-12-06
1999,NE,SHSR,APPR,2017-12-06
2000,NE,SHSR,APPR,2017-12-09
2001,NE,SHSR,APPR,2017-12-10
2002,NE,SHSR,APPR,2017-12-10
2003,NE,SHSR,APPR,2017-12-10
2004,NE,SHSR,APPR,2017-12-10
2005,NE,SHSR,APPR,2017-12-11
2006,NE,SHSR,APPR,2017-12-11
2007,NE,SHSR,APPR,2017-12-11
2008,NE,SHSR,APPR,2017-12-11
2009,NE,SHSR,APPR,2017-12-11
2010,NE,SHSR,APPR,2017-12-13
2011,NE,SHSR,APPR,2017-12-14
2012,NE,SHSR,APPR,2017-12-15
2013,NE,SHSR,APPR,2017-12-16
2014,NE,SHSR,APPR,2017-12-16
2015,NE,SHSR,APPR,2017-12-16
2016,NE,SHSR,APPR,2017-12-16
2017,NE,SHSR,APPR,2017-12-16
2018,NE,SHSR,APPR,2017-12-16
2019,NE,SHSR,APPR,2017-12-16
2020,NE,SHSR,APPR,2017-12-18
2021,NE,SHSR,APPR,2017-12-18
2022,NE,SHSR,APPR,2017-12-18
2023,NE,SHSR,APPR,2017-12-18
2024,NE,SHSR,APPR,2017-12-19
2025,NE,SHSR,APPR,2017-12-19
2026,NE,SHSR,APPR,2017-12-19
2027,NE,SHSR,APPR,2017-12-19
2028,NE,SHSR,APPR,2017-12-19
2029,NE,SHSR,APPR,2017-12-19
2030,NE,SHSR,APPR,2017-12-19
2031,NE,SHSR,APPR,2017-12-20
2032,NE,SHSR,APPR,2017-12-20
2033,NE,SHSR,APPR,2017-12-21
2034,NE,SHSR,APPR,2017-12-21
2035,NE,SHSR,APPR,2017-12-21
2036,NE,SHSR,APPR,2017-12-21
2037,NE,SHSR,APPR,2017-12-21
2038,NE,SHSR,APPR,2017-12-22
2039,NE,SHSR,APPR,2017-12-22
2040,NE,SHSR,APPR,2017-12-24
2041,NE,SHSR,APPR,2017-12-26
2042,NE,SHSR,APPR,2017-12-26
2043,NE,SHSR,APPR,2017-12-27
2044,NE,SHSR,APPR,2017-12-27
2045,NE,SHSR,APPR,2017-12-27
2046,NE,SHSR,APPR,2017-12-30
2047,NE,SHSR,APPR,2017-12-31
2048,NE,SHSR,APPR,2018-01-01
2049,NE,SHMTR,APPR,2016-12-31
2050,NE,SHMTR,APPR,2016-12-31
2051,NE,SHMTR,APPR,2016-12-31
2052,NE,SHMTR,APPR,2016-12-31
2053,NE,SHMTR,APPR,2016-12-31
2054,NE,SHMTR,APPR,2016-12-31
2055,NE,SHMTR,APPR,2017-01-01
2056,NE,SHMTR,APPR,2017-01-01
2057,NE,SHMTR,APPR,2017-01-03
2058,NE,SHMTR,APPR,2017-01-03
2059,NE,SHMTR,APPR,2017-01-03
2060,NE,SHMTR,APPR,2017-01-04
2061,NE,SHMTR,APPR,2017-01-04
2062,NE,SHMTR,APPR,2017-01-04
2063,NE,SHMTR,APPR,2017-01-04
2064,NE,SHMTR,APPR,2017-01-05
2065,NE,SHMTR,APPR,2017-01-05
2066,NE,SHMTR,APPR,2017-01-05
2067,NE,SHMTR,APPR,2017-01-07
2068,NE,SHMTR,APPR,2017-01-22
2069,NE,SHMTR,APPR,2017-01-24
2070,NE,SHMTR,APPR,2017-01-24
2071,NE,SHMTR,APPR,2017-01-24
2072,NE,SHMTR,APPR,2017-01-24
2073,NE,SHMTR,APPR,2017-01-24
2074,NE,SHMTR,APPR,2017-01-24
2075,NE,SHMTR,APPR,2017-01-24
2076,NE,SHMTR,APPR,2017-01-25
2077,NE,SHMTR,APPR,2017-01-25
2078,NE,SHMTR,APPR,2017-01-25
2079,NE,SHMTR,APPR,2017-01-25
2080,NE,SHMTR,APPR,2017-01-25
2081,NE,SHMTR,APPR,2017-01-25
2082,NE,SHMTR,APPR,2017-01-25
2083,NE,SHMTR,APPR,2017-01-25
2084,NE,SHMTR,APPR,2017-01-27
2085,NE,SHMTR,APPR,2017-01-27
2086,NE,SHMTR,APPR,2017-01-28
2087,NE,SHMTR,APPR,2017-01-29
2088,NE,SHMTR,APPR,2017-01-29
2089,NE,SHMTR,APPR,2017-01-30
2090,NE,SHMTR,APPR,2017-01-30
2091,NE,SHMTR,APPR,2017-01-30
2092,NE,SHMTR,APPR,2017-01-30
2093,NE,SHMTR,APPR,2017-01-30
2094,NE,SHMTR,APPR,2017-01-31
2095,NE,SHMTR,APPR,2017-01-31
2096,NE,SHMTR,APPR,2017-01-31
2097,NE,SHMTR,APPR,2017-02-12
2098,NE,SHMTR,APPR,2017-02-12
2099,NE,SHMTR,APPR,2017-02-12
2100,NE,SHMTR,APPR,2017-02-15
2101,NE,SHMTR,APPR,2017-02-15
2102,NE,SHMTR,APPR,2017-02-15
2103,NE,SHMTR,APPR,2017-02-15
2104,NE,SHMTR,APPR,2017-02-18
2105,NE,SHMTR,APPR,2017-02-18
2106,NE,SHMTR,APPR,2017-02-18
2107,NE,SHMTR,APPR,2017-02-18
2108,NE,SHMTR,APPR,2017-02-18
2109,NE,SHMTR,APPR,2017-02-18
2110,NE,SHMTR,APPR,2017-02-21
2111,NE,SHMTR,APPR,2017-02-21
2112,NE,SHMTR,APPR,2017-02-23
2113,NE,SHMTR,APPR,2017-02-25
2114,NE,SHMTR,APPR,2017-03-08
2115,NE,SHMTR,APPR,2017-03-08
2116,NE,SHMTR,APPR,2017-03-09
2117,NE,SHMTR,APPR,2017-03-12
2118,NE,SHMTR,APPR,2017-03-12
2119,NE,SHMTR,APPR,2017-03-18
2120,NE,SHMTR,APPR,2017-03-21
2121,NE,SHMTR,APPR,2017-03-21
2122,NE,SHMTR,APPR,2017-03-24
2123,NE,SHMTR,APPR,2017-03-24
2124,NE,SHMTR,APPR,2017-03-29
2125,NE,SHMTR,APPR,2017-03-29
2126,NE,SHMTR,APPR,2017-04-01
2127,NE,SHMTR,APPR,2017-04-01
2128,NE,SHMTR,APPR,2017-04-02
2129,NE,SHMTR,APPR,2017-04-02
2130,NE,SHMTR,APPR,2017-04-02
2131,NE,SHMTR,APPR,2017-04-02
2132,NE,SHMTR,APPR,2017-04-02
2133,NE,SHMTR,APPR,2017-04-03
2134,NE,SHMTR,APPR,2017-04-03
2135,NE,SHMTR,APPR,2017-04-03
2136,NE,SHMTR,APPR,2017-04-03
2137,NE,SHMTR,APPR,2017-04-07
2138,NE,SHMTR,APPR,2017-04-07
2139,NE,SHMTR,APPR,2017-04-07
2140,NE,SHMTR,APPR,2017-04-07
2141,NE,SHMTR,APPR,2017-04-10
2142,NE,SHMTR,APPR,2017-04-10
2143,NE,SHMTR,APPR,2017-04-14
2144,NE,SHMTR,APPR,2017-04-20
2145,NE,SHMTR,APPR,2017-04-23
2146,NE,SHMTR,APPR,2017-04-24
2147,NE,SHMTR,APPR,2017-04-24
2148,NE,SHMTR,APPR,2017-04-24
2149,NE,SHMTR,APPR,2017-04-24
2150,NE,SHMTR,APPR,2017-04-24
2151,NE,SHMTR,APPR,2017-04-30
2152,NE,SHMTR,APPR,2017-05-01
2153,NE,SHMTR,APPR,2017-05-01
2154,NE,SHMTR,APPR,2017-05-01
2155,NE,SHMTR,APPR,2017-05-01
2156,NE,SHMTR,APPR,2017-05-01
2157,NE,SHMTR,APPR,2017-05-01
2158,NE,SHMTR,APPR,2017-05-01
2159,NE,SHMTR,APPR,2017-05-01
2160,NE,SHMTR,APPR,2017-05-04
2161,NE,SHMTR,APPR,2017-05-14
2162,NE,SHMTR,APPR,2017-05-18
2163,NE,SHMTR,APPR,2017-05-18
2164,NE,SHMTR,APPR,2017-05-18
2165,NE,SHMTR,APPR,2017-05-22
2166,NE,SHMTR,APPR,2017-05-22
2167,NE,SHMTR,APPR,2017-05-27
2168,NE,SHMTR,APPR,2017-05-27
2169,NE,SHMTR,APPR,2017-05-28
2170,NE,SHMTR,APPR,2017-05-28
2171,NE,SHMTR,APPR,2017-05-31
2172,NE,SHMTR,APPR,2017-05-31
2173,NE,SHMTR,APPR,2017-05-31
2174,NE,SHMTR,APPR,2017-05-31
2175,NE,SHMTR,APPR,2017-05-31
2176,NE,SHMTR,APPR,2017-05-31
2177,NE,SHMTR,APPR,2017-05-31
2178,NE,SHMTR,APPR,2017-05-31
2179,NE,SHMTR,APPR,2017-05-31
2180,NE,SHMTR,APPR,2017-05-31
2181,NE,SHMTR,APPR,2017-06-02
2182,NE,SHMTR,APPR,2017-06-02
2183,NE,SHMTR,APPR,2017-06-02
2184,NE,SHMTR,APPR,2017-06-03
2185,NE,SHMTR,APPR,2017-06-03
2186,NE,SHMTR,APPR,2017-06-03
2187,NE,SHMTR,APPR,2017-06-03
2188,NE,SHMTR,APPR,2017-06-09
2189,NE,SHMTR,APPR,2017-06-10
2190,NE,SHMTR,APPR,2017-06-13
2191,NE,SHMTR,APPR,2017-06-13
2192,NE,SHMTR,APPR,2017-06-13
2193,NE,SHMTR,APPR,2017-06-13
2194,NE,SHMTR,APPR,2017-06-13
2195,NE,SHMTR,APPR,2017-06-14
2196,NE,SHMTR,APPR,2017-06-14
2197,NE,SHMTR,APPR,2017-06-14
2198,NE,SHMTR,APPR,2017-06-14
2199,NE,SHMTR,APPR,2017-06-14
2200,NE,SHMTR,APPR,2017-06-14
2201,NE,SHMTR,APPR,2017-06-14
2202,NE,SHMTR,APPR,2017-06-16
2203,NE,SHMTR,APPR,2017-06-16
2204,NE,SHMTR,APPR,2017-06-19
2205,NE,SHMTR,APPR,2017-06-20
2206,NE,SHMTR,APPR,2017-06-26
2207,NE,SHMTR,APPR,2017-06-26
2208,NE,SHMTR,APPR,2017-06-26
2209,NE,SHMTR,APPR,2017-06-26
2210,NE,SHMTR,APPR,2017-06-26
2211,NE,SHMTR,APPR,2017-06-26
2212,NE,SHMTR,APPR,2017-06-26
2213,NE,SHMTR,APPR,2017-07-11
2214,NE,SHMTR,APPR,2017-07-11
2215,NE,SHMTR,APPR,2017-07-11
2216,NE,SHMTR,APPR,2017-07-11
2217,NE,SHMTR,APPR,2017-07-13
2218,NE,SHMTR,APPR,2017-07-13
2219,NE,SHMTR,APPR,2017-07-13
2220,NE,SHMTR,APPR,2017-07-13
2221,NE,SHMTR,APPR,2017-07-15
2222,NE,SHMTR,APPR,2017-07-25
2223,NE,SHMTR,APPR,2017-07-25
2224,NE,SHMTR,APPR,2017-07-25
2225,NE,SHMTR,APPR,2017-07-29
2226,NE,SHMTR,APPR,2017-07-29
2227,NE,SHMTR,APPR,2017-08-05
2228,NE,SHMTR,APPR,2017-08-08
2229,NE,SHMTR,APPR,2017-08-08
2230,NE,SHMTR,APPR,2017-08-08
2231,NE,SHMTR,APPR,2017-08-10
2232,NE,SHMTR,APPR,2017-08-12
2233,NE,SHMTR,APPR,2017-08-18
2234,NE,SHMTR,APPR,2017-08-18
2235,NE,SHMTR,APPR,2017-08-18
2236,NE,SHMTR,APPR,2017-08-18
2237,NE,SHMTR,APPR,2017-08-18
2238,NE,SHMTR,APPR,2017-08-18
2239,NE,SHMTR,APPR,2017-08-18
2240,NE,SHMTR,APPR,2017-08-22
2241,NE,SHMTR,APPR,2017-08-25
2242,NE,SHMTR,APPR,2017-08-25
2243,NE,SHMTR,APPR,2017-08-25
2244,NE,SHMTR,APPR,2017-08-25
2245,NE,SHMTR,APPR,2017-08-25
2246,NE,SHMTR,APPR,2017-08-26
2247,NE,SHMTR,APPR,2017-08-26
2248,NE,SHMTR,APPR,2017-09-06
2249,NE,SHMTR,APPR,2017-09-06
2250,NE,SHMTR,APPR,2017-09-06
2251,NE,SHMTR,APPR,2017-09-06
2252,NE,SHMTR,APPR,2017-09-08
2253,NE,SHMTR,APPR,2017-09-10
2254,NE,SHMTR,APPR,2017-09-11
2255,NE,SHMTR,APPR,2017-09-11
2256,NE,SHMTR,APPR,2017-09-14
2257,NE,SHMTR,APPR,2017-09-15
2258,NE,SHMTR,APPR,2017-09-15
2259,NE,SHMTR,APPR,2017-09-18
2260,NE,SHMTR,APPR,2017-09-23
2261,NE,SHMTR,APPR,2017-09-24
2262,NE,SHMTR,APPR,2017-09-24
2263,NE,SHMTR,APPR,2017-09-26
2264,NE,SHMTR,APPR,2017-09-26
2265,NE,SHMTR,APPR,2017-09-26
2266,NE,SHMTR,APPR,2017-09-29
2267,NE,SHMTR,APPR,2017-09-29
2268,NE,SHMTR,APPR,2017-09-29
2269,NE,SHMTR,APPR,2017-10-01
2270,NE,SHMTR,APPR,2017-10-01
2271,NE,SHMTR,APPR,2017-10-06
2272,NE,SHMTR,APPR,2017-10-06
2273,NE,SHMTR,APPR,2017-10-07
2274,NE,SHMTR,APPR,2017-10-07
2275,NE,SHMTR,APPR,2017-10-07
2276,NE,SHMTR,APPR,2017-10-17
2277,NE,SHMTR,APPR,2017-10-17
2278,NE,SHMTR,APPR,2017-10-26
2279,NE,SHMTR,APPR,2017-10-29
2280,NE,SHMTR,APPR,2017-10-30
2281,NE,SHMTR,APPR,2017-11-04
2282,NE,SHMTR,APPR,2017-11-04
2283,NE,SHMTR,APPR,2017-11-06
2284,NE,SHMTR,APPR,2017-11-06
2285,NE,SHMTR,APPR,2017-11-08
2286,NE,SHMTR,APPR,2017-11-18
2287,NE,SHMTR,APPR,2017-11-18
2288,NE,SHMTR,APPR,2017-11-23
2289,NE,SHMTR,APPR,2017-11-23
2290,NE,SHMTR,APPR,2017-11-23
2291,NE,SHMTR,APPR,2017-11-23
2292,NE,SHMTR,APPR,2017-11-23
2293,NE,SHMTR,APPR,2017-11-23
2294,NE,SHMTR,APPR,2017-11-29
2295,NE,SHMTR,APPR,2017-11-29
2296,NE,SHMTR,APPR,2017-11-29
2297,NE,SHMTR,APPR,2017-11-29
2298,NE,SHMTR,APPR,2017-11-29
2299,NE,SHMTR,APPR,2017-11-29
2300,NE,SHMTR,APPR,2017-11-29
2301,NE,SHMTR,APPR,2017-11-29
2302,NE,SHMTR,APPR,2017-11-29
2303,NE,SHMTR,APPR,2017-11-29
2304,NE,SHMTR,APPR,2017-11-29
2305,NE,SHMTR,APPR,2017-11-29
2306,NE,SHMTR,APPR,2017-11-29
2307,NE,SHMTR,APPR,2017-11-29
2308,NE,SHMTR,APPR,2017-11-30
2309,NE,SHMTR,APPR,2017-11-30
2310,NE,SHMTR,APPR,2017-11-30
2311,NE,SHMTR,APPR,2017-11-30
2312,NE,SHMTR,APPR,2017-11-30
2313,NE,SHMTR,APPR,2017-11-30
2314,NE,SHMTR,APPR,2017-12-02
2315,NE,SHMTR,APPR,2017-12-02
2316,NE,SHMTR,APPR,2017-12-03
2317,NE,SHMTR,APPR,2017-12-06
2318,NE,SHMTR,APPR,2017-12-06
2319,NE,SHMTR,APPR,2017-12-06
2320,NE,SHMTR,APPR,2017-12-08
2321,NE,SHMTR,APPR,2017-12-09
2322,NE,SHMTR,APPR,2017-12-11
2323,NE,SHMTR,APPR,2017-12-11
2324,NE,SHMTR,APPR,2017-12-11
2325,NE,SHMTR,APPR,2017-12-11
2326,NE,SHMTR,APPR,2017-12-11
2327,NE,SHMTR,APPR,2017-12-12
2328,NE,SHMTR,APPR,2017-12-12
2329,NE,SHMTR,APPR,2017-12-13
2330,NE,SHMTR,APPR,2017-12-14
2331,NE,SHMTR,APPR,2017-12-23
2332,NE,SHMTR,APPR,2017-12-23
2333,NE,SHMTR,APPR,2017-12-23
2334,NE,SHMTR,APPR,2017-12-23
2335,NE,SHMTR,APPR,2017-12-23
2336,NE,SHMTR,APPR,2017-12-23
2337,NE,SHMTR,APPR,2017-12-24
2338,NE,SHMTR,APPR,2017-12-24
2339,NE,SHMTR,APPR,2017-12-24
2340,NE,SHMTR,APPR,2017-12-24
2341,NE,SHMTR,APPR,2017-12-25
2342,NE,SHMTR,APPR,2017-12-25
2343,NE,SHMTR,APPR,2017-12-25
2344,NE,SHMTR,APPR,2017-12-25
2345,NE,SHMTR,APPR,2017-12-27
2346,NE,SHMTR,APPR,2017-12-27
2347,NE,SHMTR,APPR,2017-12-27
2348,NE,SHMTR,APPR,2017-12-30
2349,NE,SHMTR,APPR,2017-12-30
2350,NE,SHMTR,APPR,2017-12-30
2351,NE,SHMTR,APPR,2018-01-03
